date,ASIANPAINT.NS,AXISBANK.NS,BAJAJFINSV.NS,BAJFINANCE.NS,BHARTIARTL.NS,BPCL.NS,BRITANNIA.NS,CIPLA.NS,DIVISLAB.NS,DRREDDY.NS,EICHERMOT.NS,GRASIM.NS,HCLTECH.NS,HDFCBANK.NS,HEROMOTOCO.NS,HINDALCO.NS,HINDUNILVR.NS,ICICIBANK.NS,INDUSINDBK.NS,INFY.NS,IOC.NS,ITC.NS,JSWSTEEL.NS,KOTAKBANK.NS,LT.NS,M&M.NS,MARUTI.NS,NTPC.NS,ONGC.NS,RELIANCE.NS,SBIN.NS,SHREECEM.NS,SUNPHARMA.NS,TATACONSUM.NS,TATAMOTORS.NS,TATASTEEL.NS,TCS.NS,TECHM.NS,TITAN.NS,ULTRACEMCO.NS,UPL.NS,WIPRO.NS
2019-09-11,0,0,0,0,0,0,0,100,0,0,0,100,0,0,0,0,81,0,0,0,100,100,0,0,0,0,100,0,0,0,0,0,100,0,100,3,0,0,0,0,0,0
2019-09-12,0,0,0,0,0,49,0,-100,0,0,0,0,0,0,0,0,0,0,0,0,0,-30,0,0,0,0,0,0,100,0,0,0,0,0,0,0,0,0,0,0,0,100
2019-09-13,100,0,0,0,0,-19,0,0,0,0,0,-46,40,0,0,0,-81,0,0,0,-100,-19,0,0,0,0,0,1,-17,0,0,0,100,0,0,0,0,0,0,0,0,-68
2019-09-16,0,100,0,0,0,0,0,94,0,0,21,-54,-40,0,0,0,100,0,0,0,0,0,0,0,100,0,-100,-1,-50,0,0,0,100,0,0,-3,100,0,0,0,0,0
2019-09-17,-3,0,0,0,0,0,0,100,0,16,-18,0,100,0,0,0,-100,0,0,0,100,0,0,100,100,0,0,8,0,0,0,0,0,0,0,0,-100,0,0,0,0,-32
2019-09-18,0,0,0,0,0,0,0,0,0,-16,-3,0,-54,0,0,0,0,0,0,0,0,96,0,0,0,0,0,0,-33,0,0,0,0,0,0,100,0,0,0,0,0,100
2019-09-19,0,-100,0,0,100,100,43,-100,0,0,0,-1,0,0,0,0,0,0,0,0,0,100,0,-56,0,0,0,-8,0,0,2,0,100,0,-82,-36,0,0,0,0,0,-100
2019-09-20,-34,0,0,0,0,0,-26,0,0,0,0,2,-41,0,0,0,0,0,0,0,-100,-55,0,0,0,0,26,0,0,0,-2,0,-60,0,3,0,0,0,0,0,0,100
2019-09-23,100,1,0,0,1,-60,-17,0,0,0,0,-1,0,0,0,0,0,0,0,0,0,0,0,0,-100,0,-26,100,0,0,0,0,0,0,0,-64,0,0,0,55,0,-46
2019-09-24,-50,0,0,-1,-93,0,0,0,0,0,80,0,0,0,0,0,100,0,0,0,0,-70,17,0,0,0,0,100,0,0,0,0,-78,0,0,0,0,0,0,-41,0,-54
2019-09-25,0,-1,0,0,-8,1,24,100,0,0,0,0,-5,0,0,0,-100,0,0,100,0,0,-15,0,-44,0,0,-100,0,0,100,0,100,0,2,0,0,0,0,0,0,100
2019-09-26,0,0,0,33,0,-19,-24,0,0,0,-80,0,0,0,100,0,0,0,0,0,0,0,-2,-44,-56,0,0,-17,0,0,0,0,-74,0,2,-1,0,100,0,-14,0,0
2019-09-27,0,0,31,0,0,2,0,0,0,0,0,0,0,0,-94,0,0,0,0,0,2,0,0,0,0,0,0,100,0,0,-55,0,-100,0,0,0,0,0,0,0,0,100
2019-09-30,100,0,-31,0,3,100,0,-93,0,0,3,0,0,0,-6,0,0,100,0,-38,0,-100,0,0,0,0,0,-100,100,0,-16,2,100,0,-25,100,0,0,0,0,0,0
2019-10-01,-100,0,0,43,-3,-65,0,0,0,0,0,100,100,0,0,0,0,0,0,-62,0,-22,0,0,0,0,0,0,0,0,0,-2,0,0,0,0,0,2,0,0,0,0
2019-10-03,0,5,0,-43,0,0,0,0,0,0,-3,-15,-36,0,0,0,0,0,0,0,0,0,0,0,0,0,0,3,-85,0,-28,0,-61,0,0,-65,0,-77,0,70,0,100
2019-10-04,0,36,0,-32,100,1,0,0,0,0,0,0,0,0,0,0,0,-39,0,0,-2,0,0,0,0,100,0,100,-15,0,-1,0,0,0,0,0,0,-8,0,0,0,100
2019-10-07,-100,0,0,0,-27,100,0,100,0,29,0,100,-64,0,0,0,0,-38,0,0,19,0,0,0,0,0,0,0,0,0,0,0,0,0,0,-34,0,-17,0,0,0,100
2019-10-09,0,-41,0,0,-73,0,100,0,0,-29,0,0,0,0,0,0,31,0,0,100,-13,1,0,0,1,0,0,-100,0,0,100,0,-11,0,0,0,0,0,0,-70,0,-100
2019-10-10,0,0,0,1,0,0,0,0,0,0,0,3,0,0,0,1,0,0,0,0,-6,0,0,0,-1,0,1,-86,0,0,-100,0,0,0,0,0,0,0,0,0,0,100
2019-10-11,-13,0,0,-1,0,100,12,-22,0,0,0,0,0,0,0,1,0,-23,0,-42,100,0,0,0,0,0,-1,0,0,0,0,0,-17,0,1,0,0,0,0,0,0,0
2019-10-14,0,0,0,0,0,0,0,0,0,0,0,-11,0,0,0,-2,-31,100,0,-51,0,0,0,0,0,0,0,0,2,0,0,0,3,0,0,0,0,0,0,15,0,0
2019-10-15,0,0,0,0,0,0,-14,0,76,0,0,1,0,0,0,3,0,0,0,-7,-100,0,0,0,0,-78,0,0,0,0,0,0,0,0,0,0,0,0,0,0,0,-100
2019-10-16,100,0,0,0,0,-43,-87,0,-29,0,0,0,0,0,0,100,0,0,0,0,0,-1,0,0,0,0,33,16,-2,0,0,0,-75,0,100,0,0,0,0,-15,0,-39
2019-10-17,-63,0,0,0,100,0,-11,0,99,0,0,100,0,0,0,-100,0,-89,0,38,0,1,0,0,100,-22,-33,-16,0,0,100,0,-47,0,-1,0,0,0,0,0,0,0
2019-10-18,28,0,0,0,0,-100,0,1,0,0,0,0,0,0,0,0,0,-11,0,0,0,-1,0,0,0,2,0,0,0,0,0,0,0,0,0,0,0,0,0,0,0,0
2019-10-22,-65,0,0,0,0,-60,0,-100,100,0,0,-55,0,0,17,-3,0,0,0,3,0,0,0,0,-31,0,0,2,0,0,0,0,0,0,-100,0,0,100,0,0,0,0
2019-10-23,0,100,0,0,-63,0,0,0,-76,12,0,0,4,0,0,0,0,0,0,0,0,0,0,0,-60,0,0,1,0,0,-14,0,100,0,0,0,0,-100,100,0,0,100
2019-10-24,0,-13,0,0,-37,100,0,0,-100,0,0,0,0,0,-17,0,71,0,0,0,100,0,4,0,0,0,0,1,0,0,0,0,0,0,0,0,0,0,0,0,100,-99
2019-10-25,0,0,0,0,0,-100,0,-80,0,-12,97,-12,-4,0,0,0,0,0,0,-2,-55,0,-4,0,0,0,0,0,0,0,0,0,0,0,0,0,0,0,-53,0,3,0
2019-10-29,0,0,0,0,0,-83,0,0,0,0,0,-51,0,0,0,3,-2,0,0,0,-39,0,0,0,71,-2,0,-4,0,0,0,0,-100,100,0,0,0,0,0,0,0,0
2019-10-30,0,0,33,0,0,0,0,100,0,0,-97,-12,0,0,0,-3,0,0,0,0,-6,0,0,0,0,1,0,0,0,0,-86,0,-80,-100,0,0,0,4,-47,0,100,0
2019-10-31,0,0,-33,49,0,0,0,100,0,0,0,0,0,0,0,0,0,1,0,-29,0,0,0,0,0,100,0,0,0,0,0,0,0,0,0,0,0,0,0,0,4,-72
2019-11-01,78,-36,0,0,0,0,0,-100,0,0,0,0,0,0,0,0,0,0,0,-10,0,0,0,0,0,0,0,0,8,0,0,0,0,0,0,0,0,0,0,0,-100,0
2019-11-04,0,0,0,-14,0,0,96,0,0,0,0,0,0,0,0,0,-60,0,0,0,0,0,0,0,-80,100,0,11,0,0,0,0,0,0,0,0,0,-4,0,0,-100,0
2019-11-05,0,-51,0,0,0,-4,-21,0,0,0,0,-53,0,0,0,8,-9,-1,0,0,0,0,0,0,0,0,0,0,-8,0,0,0,0,0,0,0,0,0,0,43,0,-54
2019-11-06,100,0,33,-35,0,0,0,-100,-62,0,0,-95,0,0,0,-8,0,0,0,0,0,2,0,0,0,-39,0,-11,0,0,0,0,0,0,100,0,0,0,4,-23,0,0
2019-11-07,0,100,0,28,0,0,-75,0,-8,0,0,0,0,0,0,0,0,100,0,0,0,-2,1,0,100,0,0,1,0,0,0,0,0,0,-90,0,0,0,-4,-20,-7,-100
2019-11-08,-46,-100,-33,0,100,0,0,4,0,0,0,0,0,0,0,100,0,-100,0,0,0,0,81,0,0,100,0,-1,0,0,0,0,0,0,-10,0,100,0,0,37,0,0
2019-11-11,0,0,0,0,0,0,84,-4,0,0,0,0,0,0,0,4,0,0,0,0,0,0,0,0,0,-100,0,0,100,0,0,0,0,0,0,0,-100,0,0,0,0,0
2019-11-13,-44,0,69,0,-20,18,-84,0,0,0,0,0,0,0,0,-100,0,0,0,0,0,0,0,0,-69,-17,0,0,-100,0,0,0,0,0,0,0,0,0,0,-37,0,0
2019-11-14,-34,100,-69,0,-37,0,0,0,0,0,0,0,0,0,0,100,0,0,0,0,0,0,6,0,-31,100,0,0,0,0,0,7,0,100,0,0,0,0,0,100,0,100
2019-11-15,100,-100,0,-19,0,-18,0,0,0,0,0,0,0,0,45,-18,0,0,0,0,100,0,71,0,0,-30,0,0,0,0,6,0,0,-40,0,0,0,0,100,-57,0,-28
2019-11-18,-33,0,0,0,0,0,0,0,0,0,0,0,0,0,61,0,0,0,0,0,1,0,-100,0,0,-54,0,0,0,0,1,0,0,-60,0,0,0,0,0,0,0,-72
2019-11-19,0,0,0,-9,0,0,0,100,40,0,0,0,0,0,100,-86,0,0,0,0,-100,0,-57,0,0,-19,0,0,0,0,0,0,2,0,1,0,0,0,-100,-43,0,100
2019-11-20,0,0,0,0,0,0,0,0,0,60,0,0,0,0,0,4,0,0,0,0,0,0,-2,0,0,-49,0,0,0,0,0,-7,0,0,-1,0,0,0,0,0,0,0
2019-11-21,-2,0,0,0,-43,0,0,-2,-40,0,0,0,0,0,0,-4,0,0,0,0,0,1,0,0,80,-24,0,0,0,0,1,0,-2,0,0,0,0,0,0,0,0,0
2019-11-22,-100,0,0,28,0,0,0,-24,0,0,0,0,0,0,-1,0,0,0,0,0,100,0,0,0,-44,0,0,0,0,0,-8,0,0,0,16,0,0,0,100,0,0,0
2019-11-25,-19,0,23,-18,100,0,0,-74,0,1,0,0,0,0,0,0,0,0,0,0,100,0,0,0,-36,-69,0,0,10,0,0,0,0,0,-16,0,0,0,-16,0,0,-100
2019-11-26,0,0,-19,-10,-18,0,0,0,0,100,51,0,1,0,-87,0,0,0,0,0,100,-1,0,0,0,0,0,100,4,0,0,0,0,0,0,0,0,0,0,0,0,0
2019-11-27,0,100,0,29,0,6,0,0,0,-34,0,0,0,0,0,0,0,0,0,0,100,0,0,0,0,0,0,-100,-14,0,0,0,0,0,0,0,0,0,-84,0,0,1
2019-11-28,0,0,-4,-29,0,0,0,0,0,0,-51,0,-1,0,-15,0,0,0,0,0,100,0,1,0,0,0,0,0,1,0,0,0,0,0,0,0,0,2,0,69,0,0
2019-11-29,0,0,0,67,-82,100,0,0,0,-51,0,0,0,0,-77,0,100,0,0,0,100,100,-1,0,0,0,0,0,13,0,0,0,0,100,0,0,0,0,0,-47,0,-100
2019-12-02,0,-91,0,0,0,0,0,0,0,-45,0,0,0,0,-26,0,0,1,0,0,-100,-42,0,0,0,0,0,100,-5,0,0,0,0,-77,0,0,0,-2,1,68,0,0
2019-12-03,0,0,51,-67,0,0,0,0,0,0,0,0,0,0,0,0,0,100,0,0,-28,-57,0,0,0,0,0,57,0,0,100,0,0,-23,0,0,0,0,-1,-63,0,-11
2019-12-04,0,-9,-51,0,79,-16,0,0,100,-31,0,0,0,0,43,0,0,100,0,0,2,0,0,0,100,0,0,-17,0,0,-100,0,0,0,93,0,100,0,0,-27,0,0
2019-12-05,0,0,0,0,-79,-49,0,0,0,100,0,0,0,0,0,0,-100,-100,0,0,0,-1,0,19,-10,0,0,3,100,0,0,0,1,0,0,0,0,0,0,0,0,-26
2019-12-06,100,0,0,0,0,3,0,0,0,-35,0,0,0,0,0,0,0,-98,0,0,0,0,0,0,0,0,0,-78,0,0,0,0,-1,1,0,0,-6,0,0,0,0,0
2019-12-09,-100,0,24,0,0,0,0,0,0,0,0,0,0,0,0,0,0,-3,0,0,-65,0,0,-19,0,0,0,1,0,0,0,0,0,0,-76,0,0,0,0,2,0,0
2019-12-10,100,0,0,0,0,0,0,23,0,0,0,0,0,0,-13,0,0,0,0,0,-75,0,1,0,-8,0,0,1,-100,0,0,0,0,-1,0,0,-94,100,0,-2,0,0
2019-12-11,0,0,0,0,0,0,100,-23,-100,0,0,0,0,0,-30,0,0,0,0,0,0,0,-1,0,-82,0,0,10,0,0,0,0,0,0,-17,0,0,0,0,11,0,100
2019-12-12,0,0,0,0,0,0,18,0,0,0,0,0,0,0,0,0,0,0,0,0,1,0,0,0,0,0,0,0,-9,0,0,0,0,0,7,0,0,0,0,-11,0,-39
2019-12-13,-25,0,-13,0,0,-34,-64,0,0,-65,100,0,0,0,0,0,0,0,100,0,100,0,0,0,0,0,0,0,0,0,0,0,0,29,1,0,100,-62,0,0,0,0
2019-12-16,-17,0,0,0,100,-10,0,0,0,0,34,0,0,0,0,0,0,100,-7,0,-92,0,0,0,0,0,0,-77,0,0,0,0,2,0,100,0,-74,-38,0,0,100,0
2019-12-17,0,0,10,0,-17,0,0,0,0,0,0,0,0,0,0,0,0,0,0,0,-100,0,0,0,0,16,0,3,0,0,100,0,-2,-29,-44,0,-26,0,0,0,-80,0
2019-12-18,0,0,0,0,0,0,0,0,0,0,55,0,0,0,0,0,0,-100,-52,0,-5,0,0,0,0,-16,0,7,0,0,-58,0,0,0,0,0,0,0,0,0,100,-61
2019-12-19,100,0,-21,32,0,0,-54,0,0,0,0,0,0,0,0,0,0,0,2,1,-100,0,0,0,0,100,0,-10,0,0,0,0,0,0,0,0,0,0,0,0,0,0
2019-12-20,-99,0,0,0,0,0,95,0,0,0,-37,0,0,0,0,0,0,0,0,-1,1,0,0,0,0,0,0,0,0,0,-42,0,0,0,-64,0,0,0,0,0,2,0
2019-12-23,0,0,0,0,0,0,69,0,0,0,-99,0,0,0,0,0,0,100,0,0,-100,0,0,0,0,-61,0,0,1,0,0,0,0,0,0,0,0,0,0,0,3,0
2019-12-24,-59,0,0,0,-83,1,0,0,0,0,0,0,0,0,0,0,0,-92,-43,0,0,100,0,53,0,0,0,0,-1,100,0,0,0,1,0,0,0,0,0,0,-14,0
2019-12-26,0,0,0,0,0,0,0,0,0,0,0,0,0,0,0,0,0,-8,12,0,-19,0,0,0,0,-22,0,0,0,0,0,0,0,-1,0,0,0,0,0,0,0,0
2019-12-27,0,0,0,88,0,100,-63,0,0,0,-33,0,0,0,0,0,-1,0,0,0,-21,-100,0,0,0,-17,0,0,0,-100,0,0,7,0,100,0,0,0,0,0,3,0
2019-12-30,0,0,0,-85,0,0,76,0,0,0,-20,100,0,0,0,0,0,0,-7,0,0,0,0,0,100,0,0,0,3,0,0,0,-7,0,100,0,0,0,0,0,-31,0
2019-12-31,100,0,0,-35,0,-47,-100,0,0,0,0,0,0,0,0,0,0,0,-5,0,0,0,0,-53,0,0,0,0,0,0,0,0,0,0,8,0,0,0,0,93,0,0
2020-01-01,-100,0,0,0,0,-54,-59,0,0,23,100,-70,0,0,100,0,0,100,0,0,0,0,0,0,-19,1,0,0,-3,0,0,0,0,0,-100,0,0,3,0,-15,-83,0
2020-01-02,0,0,0,0,0,0,-18,0,0,0,52,-6,0,0,-22,0,0,0,0,0,0,0,0,0,0,0,0,0,-1,0,0,0,0,0,-4,0,0,-3,0,0,0,0
2020-01-03,0,0,0,0,0,100,0,0,0,0,0,0,0,0,-37,0,0,1,0,0,0,0,0,0,-81,0,0,1,0,0,100,0,100,0,0,0,0,0,60,0,0,0
2020-01-06,0,0,0,0,0,100,0,85,0,0,-100,100,0,68,0,63,0,100,58,0,0,82,0,100,0,20,0,2,0,0,0,0,0,55,-59,0,0,0,-54,-78,0,0
2020-01-07,100,0,0,0,0,-100,0,100,64,0,-52,-100,0,-6,-41,-26,0,0,0,0,0,-54,0,0,0,-21,0,1,0,0,100,0,1,-55,0,0,0,0,0,0,0,0
2020-01-08,3,0,0,0,100,0,0,100,0,-23,0,-24,100,-62,0,1,0,-100,0,0,0,100,0,-37,0,0,0,100,100,0,0,0,0,0,-45,0,0,0,1,0,100,100
2020-01-09,0,0,0,79,-37,0,0,0,-64,0,0,0,-40,2,0,0,0,-65,-58,0,100,5,0,0,0,0,0,0,-93,0,-42,0,-100,0,100,0,0,0,0,0,0,-51
2020-01-10,0,100,2,0,4,0,0,-46,0,0,0,0,-60,-2,0,0,0,0,0,0,-5,-100,0,-11,0,0,0,100,-6,0,-39,0,0,0,-96,0,0,0,0,0,0,100
2020-01-13,0,0,-2,-52,0,-33,0,-100,0,100,0,0,0,0,0,-38,0,-36,9,0,0,-33,0,0,0,0,0,-70,0,0,0,0,1,0,0,0,0,0,-7,0,100,-69
2020-01-14,-8,0,0,-27,0,-67,0,-33,0,-53,0,0,0,0,0,0,0,0,-9,0,-29,100,0,100,0,0,0,-27,0,0,0,0,0,0,-4,0,0,0,2,39,0,-80
2020-01-15,-95,0,21,0,0,0,0,-100,0,-12,0,0,0,0,0,0,0,0,0,100,-25,0,0,0,0,0,0,1,100,0,-23,0,0,0,0,0,0,0,0,0,-40,4
2020-01-16,0,-49,0,0,100,0,0,0,0,0,0,0,0,0,0,0,0,0,0,100,0,-100,100,-32,0,64,0,-94,-25,0,1,0,100,0,0,0,0,100,-2,-39,0,-4
2020-01-17,0,-11,20,1,-57,0,0,0,0,0,0,0,0,0,0,0,0,0,0,5,0,0,-35,-44,0,-50,0,1,-75,0,100,0,-100,0,0,0,0,0,0,0,-100,100
2020-01-20,0,0,-41,0,-38,9,100,-6,0,-35,0,0,0,0,0,0,0,0,0,-100,-32,0,-19,0,0,100,0,-6,0,0,-33,14,-2,0,100,0,0,-67,0,0,-26,-80
2020-01-21,0,-40,0,-1,-30,100,-32,0,0,100,0,0,0,0,0,100,1,0,0,0,-9,0,-46,0,0,-2,9,-9,100,0,-85,-14,0,85,-13,0,0,75,0,0,-34,-20
2020-01-22,0,0,0,0,-42,-95,-68,0,0,0,0,0,0,0,0,0,1,0,0,-29,0,2,0,0,0,0,31,1,-9,100,0,0,0,-41,0,0,0,-100,0,0,0,0
2020-01-23,0,0,0,0,0,0,0,0,0,-100,0,0,0,0,0,0,-1,0,0,0,0,-2,0,-76,0,0,79,-1,1,-73,-51,0,0,-1,-39,0,0,0,0,0,0,0
2020-01-24,0,0,0,100,0,-14,100,0,0,0,31,0,0,0,0,-100,0,0,0,-51,1,0,0,0,0,0,-100,0,-16,-27,2,0,0,-43,-48,0,0,-8,0,0,100,0
2020-01-27,0,0,0,0,0,0,-100,89,0,0,74,0,0,0,0,100,0,0,97,0,-1,100,0,0,0,0,-19,0,100,0,-30,0,0,0,0,0,0,100,0,0,0,0
2020-01-28,0,0,0,-12,0,0,0,100,100,83,-100,0,0,0,0,-100,0,0,-97,0,0,-76,0,0,0,0,0,0,13,0,0,0,0,0,0,0,0,-46,0,0,-100,0
2020-01-29,0,0,0,-88,32,0,0,-100,-67,-37,0,0,0,0,0,0,100,0,0,-25,0,-24,0,0,0,-81,0,0,1,0,0,0,0,0,0,0,0,100,0,100,0,0
2020-01-30,0,0,0,0,0,100,0,-77,0,-10,-5,1,0,0,2,0,-100,0,0,0,0,0,0,0,0,0,1,1,-22,0,0,9,0,0,0,100,0,-40,0,0,0,0
2020-01-31,0,100,0,0,-32,100,0,-12,49,0,0,1,0,0,0,0,0,0,0,0,4,0,0,0,0,-31,-1,100,-45,0,0,-9,0,0,0,-20,0,-100,100,0,0,0
2020-02-03,0,0,0,60,0,0,0,0,-82,-36,0,-2,0,0,-2,0,0,0,1,1,0,0,0,0,0,0,0,2,0,0,0,0,0,100,0,0,0,0,-40,0,0,100
2020-02-04,0,-40,0,-41,0,3,74,0,0,0,0,100,0,0,0,100,0,100,-1,0,0,0,0,0,100,100,0,1,0,0,100,0,100,100,0,0,0,-14,0,-100,0,0
2020-02-05,0,0,18,0,0,-60,-7,0,0,0,0,-34,0,0,0,-100,0,0,0,0,1,0,0,0,100,0,0,0,-100,0,-85,0,-100,-100,12,-26,0,0,-60,0,0,0
2020-02-06,0,0,0,-19,0,1,56,0,0,0,0,0,0,0,0,0,0,0,0,0,0,0,0,0,0,-65,0,-78,1,0,0,0,0,0,-9,-54,0,0,0,0,0,-58
2020-02-07,0,-4,0,40,0,-26,-40,0,0,0,0,-24,100,0,0,0,0,-76,0,-1,-5,0,0,0,0,0,0,37,0,0,-15,0,0,-100,0,0,0,0,0,0,0,-26
2020-02-10,0,-56,-18,-40,0,100,-70,90,0,0,0,-42,-85,0,0,0,0,100,100,0,100,89,0,79,-90,-31,0,-63,-24,0,0,0,94,55,1,0,93,0,100,0,0,100
2020-02-11,0,0,0,0,0,0,0,-90,0,0,0,0,100,0,0,0,0,-95,100,0,-100,-51,0,-79,-34,-4,56,0,100,0,0,0,0,-55,-4,0,-93,0,-85,0,0,100
2020-02-12,0,0,0,0,100,-72,-13,4,0,0,100,0,-59,0,0,0,0,0,-99,0,0,0,0,0,0,0,0,0,100,0,0,0,-94,0,0,0,15,0,-15,0,0,0
2020-02-13,0,0,0,0,0,0,0,-4,60,0,-43,0,0,0,0,0,0,3,-7,0,0,0,0,0,-11,0,0,0,0,0,100,0,0,0,0,0,-15,0,0,0,0,-100
2020-02-14,0,0,0,0,100,0,0,100,-60,0,0,0,0,0,0,0,0,-19,0,0,100,0,0,0,-40,0,0,100,-5,0,-18,0,0,0,100,0,0,100,0,0,0,-95
2020-02-17,0,0,0,0,0,3,0,0,0,81,-48,0,0,0,0,0,0,-4,-94,0,-97,1,100,0,0,0,0,-31,100,0,-82,0,0,0,100,0,0,-100,0,0,0,-14
2020-02-18,0,0,0,0,0,0,0,-35,0,0,-9,0,100,0,0,0,0,-9,0,0,0,0,-66,0,-25,0,0,0,0,0,0,0,0,0,0,0,0,0,0,0,49,-7
2020-02-19,0,0,0,0,0,-52,0,-51,0,7,1,0,0,0,0,0,0,0,0,0,100,-39,-34,0,0,0,0,3,-25,0,100,0,0,0,-16,0,0,0,0,0,0,0
2020-02-20,0,0,0,0,-100,-70,0,0,0,0,0,0,0,0,0,0,0,0,0,0,-22,89,0,0,0,0,-56,-72,-5,0,-58,21,0,0,-100,0,0,0,0,0,-45,0
2020-02-24,0,0,0,0,-25,0,0,0,0,-48,-1,5,73,0,0,0,100,0,0,0,100,100,75,0,0,94,0,67,100,0,-42,-20,75,100,-84,0,100,0,0,0,-4,100
2020-02-25,0,0,0,0,0,0,0,100,0,-40,0,-5,0,0,0,0,0,0,0,0,-16,-100,3,0,0,-94,0,0,-100,0,0,0,100,0,0,0,0,0,76,0,0,100
2020-02-26,0,0,0,0,-75,0,0,0,0,0,0,97,-52,0,0,0,0,0,0,0,0,0,1,0,0,0,0,0,0,0,0,-1,100,-100,0,0,0,0,0,0,0,100
2020-02-27,0,0,0,0,0,0,0,-100,0,0,0,0,100,0,0,0,0,0,0,3,-62,-79,0,0,0,0,0,-67,-24,0,0,11,-100,0,1,0,-100,0,-5,0,0,0
2020-02-28,0,0,0,0,0,100,0,100,92,0,0,0,-100,0,0,0,-8,0,0,0,0,1,100,0,0,0,0,0,0,0,0,-11,0,0,0,2,0,0,0,0,0,100
2020-03-02,100,0,0,0,0,-100,0,3,-92,0,0,-20,0,0,0,0,33,0,0,0,-76,-11,-87,0,0,0,0,0,-6,0,0,0,100,0,-1,0,0,0,0,0,0,-54
2020-03-03,-3,0,0,0,0,0,0,-8,0,0,0,0,-25,0,0,0,-19,0,0,-3,-27,0,0,46,0,0,0,0,1,0,0,0,100,0,0,0,0,0,-56,0,0,100
2020-03-04,0,0,0,0,0,0,0,2,0,0,0,0,0,0,0,0,-12,0,0,0,1,1,-92,-41,0,0,0,0,-100,0,0,0,-5,0,0,0,0,0,-15,34,0,0
2020-03-05,-2,20,0,0,0,-27,0,0,0,0,0,0,0,0,0,0,-16,0,0,100,-1,0,0,-5,0,0,0,0,0,0,0,3,-16,0,0,-2,0,0,0,-22,0,0
2020-03-06,-13,-15,0,0,0,0,0,0,0,0,0,-77,0,0,0,0,100,0,0,-100,100,-1,52,0,0,0,0,0,2,0,0,-3,-65,100,0,0,0,0,0,0,0,-78
2020-03-09,-18,0,0,0,0,0,0,0,0,0,0,0,-100,0,0,0,19,0,0,0,1,0,-52,0,0,0,0,0,-39,0,0,0,100,0,0,0,0,0,0,0,0,100
2020-03-11,0,-5,3,0,0,10,0,-35,0,0,0,0,0,0,0,0,0,0,0,0,-1,0,0,0,0,100,0,0,-99,0,0,0,-4,0,0,0,0,0,0,-12,0,1
2020-03-12,0,0,-3,0,0,0,0,0,0,0,0,0,0,0,100,0,-100,0,0,0,-32,0,0,0,19,0,0,0,0,0,0,0,-36,-4,0,0,0,1,0,0,100,-60
2020-03-13,-64,0,0,0,0,-10,0,0,0,61,0,0,-46,0,-48,0,-42,0,0,0,0,0,0,100,0,0,0,0,27,0,0,0,0,-32,0,0,0,0,0,0,0,0
2020-03-16,0,0,0,100,0,0,0,-34,44,-61,0,0,-6,0,-52,0,-55,0,0,0,-43,0,0,1,0,-49,0,3,0,0,0,0,-9,-64,0,0,0,0,0,0,-50,-44
2020-03-17,0,0,0,0,0,0,0,100,0,2,0,0,0,0,0,0,0,0,0,0,-25,0,0,0,0,-51,0,-3,-27,0,0,0,-67,0,16,0,0,0,0,0,-50,100
2020-03-18,0,100,40,-100,0,0,0,-35,-36,0,0,0,0,0,0,0,0,0,0,0,100,0,0,-2,-19,0,0,0,0,0,0,0,0,0,17,0,1,-1,100,0,0,0
2020-03-19,0,0,-40,0,0,0,0,-82,-8,100,0,100,0,0,0,0,0,0,0,0,-94,0,0,0,0,0,0,0,1,0,0,0,-100,0,5,0,0,17,-15,0,0,100
2020-03-20,100,100,0,0,0,100,0,-14,0,-37,0,-12,0,0,0,0,0,0,0,0,-6,0,0,-99,0,0,0,0,2,0,0,0,0,0,-38,0,18,0,-36,0,0,5
2020-03-23,0,0,35,0,0,-69,0,100,0,-65,0,-88,0,0,0,0,0,0,0,0,0,0,0,0,100,0,0,0,16,0,0,0,-23,100,0,0,0,-17,-44,0,0,-52
2020-03-24,0,0,12,0,0,0,0,0,0,0,0,0,0,0,0,0,0,0,0,0,100,1,0,0,-46,0,0,0,-19,0,0,0,-92,0,0,0,0,0,2,0,0,0
2020-03-25,-100,-9,-47,0,0,0,0,-75,0,100,0,0,0,0,0,1,0,0,0,0,0,0,0,0,0,100,0,0,0,96,0,0,-29,0,0,0,-2,0,-7,0,0,100
2020-03-26,0,0,0,0,0,0,0,55,0,0,0,0,0,0,0,-1,0,0,0,0,100,1,0,0,0,-100,0,0,0,0,0,0,0,0,0,0,0,0,0,0,0,0
2020-03-27,0,-14,14,0,0,0,0,0,0,1,0,0,0,0,0,0,0,0,0,0,-100,-2,0,0,0,0,0,0,0,-51,0,0,0,0,0,4,0,0,0,0,0,-38
2020-03-30,0,0,-14,0,0,100,0,0,0,-27,29,0,100,0,0,0,0,0,0,0,-34,0,100,0,0,100,0,0,0,0,0,0,1,-1,0,-4,-17,100,0,0,0,-100
2020-03-31,0,-52,0,0,0,0,0,0,0,0,-29,0,-54,0,90,0,0,0,0,0,-66,0,-13,0,0,-25,0,7,0,-45,0,0,100,-1,0,0,0,-35,0,0,0,-77
2020-04-01,0,-70,0,0,0,100,0,100,0,-69,0,0,0,0,-50,0,0,0,0,0,0,0,1,0,100,100,0,-7,0,0,0,0,-16,-80,1,23,76,80,0,0,0,0
2020-04-03,0,2,0,0,0,0,0,-100,0,-5,0,0,-46,0,0,0,0,0,0,0,1,0,0,0,0,100,0,0,0,0,100,0,-73,-18,-1,0,-76,0,1,64,0,-37
2020-04-07,0,-27,3,0,0,0,0,0,0,100,0,0,0,0,-40,0,0,0,0,0,2,84,0,0,-100,-5,0,0,100,0,100,0,1,0,0,0,0,-100,-1,-64,100,-100
2020-04-08,0,-30,0,0,0,100,0,-61,0,0,0,0,0,0,0,0,0,0,0,100,100,-11,-52,0,-54,-100,0,0,-6,0,0,0,0,0,8,-23,0,0,0,0,100,0
2020-04-09,100,0,-3,0,0,0,0,-10,0,-80,0,0,0,0,0,0,0,0,0,0,0,0,0,0,0,0,33,0,-38,0,0,0,0,0,0,0,0,5,0,0,-100,-4
2020-04-13,0,0,0,0,0,-36,92,0,0,-20,0,2,0,0,0,0,0,0,0,-33,100,0,1,0,0,-26,-16,0,-56,0,100,0,-42,0,-8,1,0,0,0,0,-100,-51
2020-04-15,-80,0,0,0,0,-81,-70,-20,0,0,0,-2,0,0,0,0,0,0,100,1,5,100,100,0,0,-10,-17,100,100,100,96,0,0,0,0,-1,100,0,0,2,100,100
2020-04-16,100,0,0,0,0,0,-22,0,0,0,0,0,0,0,0,0,0,0,-100,-68,-100,0,0,0,0,0,0,-100,-100,-56,-26,0,0,0,2,0,-33,42,100,0,0,0
2020-04-17,-40,0,0,0,0,13,0,0,0,0,0,100,100,0,0,0,0,0,0,0,-55,-19,-100,100,0,-100,21,0,3,-44,-100,0,0,100,-2,0,-67,0,0,-2,-60,-100
2020-04-20,-80,5,0,0,0,100,13,0,0,0,100,-100,-73,0,0,0,0,0,0,0,100,-54,1,-100,100,100,-21,100,96,100,-76,0,0,96,0,100,0,0,-100,0,100,-36
2020-04-21,0,-5,0,0,0,0,-13,0,0,0,0,0,0,0,0,0,46,0,0,0,0,0,0,0,0,-63,0,5,-51,-39,0,0,100,-83,0,0,0,0,0,0,0,-95
2020-04-22,0,0,0,0,0,0,0,0,0,0,100,0,-27,0,0,0,-46,0,2,0,-100,0,0,88,0,0,0,0,0,0,0,0,0,-100,2,-100,0,-92,0,0,0,-51
2020-04-23,0,0,0,0,0,-29,0,100,0,0,16,0,0,0,0,0,0,0,0,0,-53,0,-6,0,0,0,0,0,0,-61,-67,0,-28,-5,8,0,0,100,0,0,-21,0
2020-04-24,0,100,0,0,0,-54,0,-24,0,0,-42,1,0,0,0,0,0,0,-2,0,100,-4,-31,0,0,-3,0,0,2,0,0,0,0,-8,-10,0,29,0,0,0,0,-5
2020-04-27,0,-93,0,0,100,0,0,100,0,0,0,-1,0,100,0,0,0,34,0,0,0,-88,-1,-88,0,-13,0,0,0,0,-100,0,-21,0,0,0,-29,-100,100,0,0,-23
2020-04-28,0,100,0,0,0,100,87,-100,0,0,-100,0,100,-100,0,0,0,-34,0,0,100,-8,100,1,-32,-27,0,0,14,0,-27,0,0,0,100,0,0,0,-48,0,-83,-1
2020-04-29,0,-100,25,0,0,0,0,0,0,0,0,0,0,0,0,0,0,0,0,0,0,0,-100,-1,-39,-28,0,-100,2,0,1,0,0,0,-38,0,0,2,-13,0,0,0
2020-04-30,0,-7,24,0,-32,-36,0,0,0,0,-29,0,-12,1,0,0,0,0,0,0,-100,0,1,2,-29,0,0,-5,100,0,-1,0,0,0,1,0,0,0,-12,0,-22,0
2020-05-04,0,0,-49,0,100,0,-56,100,0,22,-5,0,0,-1,0,15,0,0,0,0,-1,0,-1,0,100,100,0,1,-21,0,80,0,100,100,-63,100,0,0,-27,0,0,0
2020-05-05,0,0,0,0,0,-98,0,100,0,-22,0,0,0,0,0,-15,43,0,0,0,0,0,0,0,0,-94,0,0,-15,0,1,0,0,-1,100,0,0,-2,0,0,0,0
2020-05-06,100,0,0,44,-64,-94,0,-6,0,0,-40,0,-88,0,0,0,-23,100,0,0,-74,0,0,0,0,-6,0,11,-100,0,0,0,-100,0,-80,-10,0,0,0,0,-14,0
2020-05-07,0,0,0,-44,100,-83,-12,63,0,0,0,0,0,0,0,0,-20,0,0,0,100,0,0,100,0,0,0,-12,-30,0,0,0,-51,0,-20,1,0,-1,0,0,0,1
2020-05-08,63,0,0,0,0,0,0,0,0,0,0,0,0,1,0,1,0,0,1,0,-88,0,0,0,-100,0,0,0,0,-1,-81,0,0,0,0,-4,0,0,0,0,0,-1
2020-05-11,0,0,0,69,-100,-14,-5,0,0,0,0,0,0,0,0,-1,0,-100,1,0,-37,0,0,0,0,0,0,100,0,0,0,0,0,-99,1,-23,0,0,0,0,0,0
2020-05-12,-100,0,0,-69,-73,0,0,0,93,0,0,0,0,-1,0,0,0,0,0,0,0,0,0,100,0,0,0,-100,0,0,0,0,0,0,0,-44,0,1,1,0,0,100
2020-05-13,0,0,0,0,0,100,-14,-100,0,0,0,0,0,0,0,0,0,0,91,0,0,0,0,0,0,0,0,0,0,0,0,0,0,100,1,0,0,0,0,0,0,-43
2020-05-14,0,0,0,0,0,1,97,-92,-92,0,0,0,0,0,0,0,0,0,-13,0,0,0,0,0,0,0,0,0,0,0,0,0,0,0,0,-20,0,0,-1,0,0,-57
2020-05-15,0,0,0,0,0,2,0,-100,-1,0,0,0,0,100,0,0,0,0,0,0,0,0,0,0,0,0,0,0,0,0,0,0,0,-100,2,0,0,0,1,1,0,0
2020-05-18,0,5,0,0,0,0,-97,0,0,100,0,0,0,-100,0,100,0,0,-7,0,0,0,0,0,0,0,0,3,0,0,0,0,0,0,-4,0,0,0,-1,0,0,0
2020-05-19,25,-5,0,0,0,-58,0,1,0,0,0,0,0,0,0,-57,0,0,-28,0,0,0,1,0,0,0,0,0,0,0,0,0,0,0,0,0,0,0,0,-1,0,0
2020-05-20,-36,0,0,0,-31,0,0,0,0,0,0,0,0,0,0,0,0,0,0,0,100,100,0,0,0,0,0,-3,0,0,100,0,0,0,0,0,0,0,41,0,0,0
2020-05-21,0,0,26,0,0,100,0,-42,0,-66,0,0,100,0,0,100,0,0,-45,0,-100,-76,-1,2,0,0,0,5,0,0,0,0,100,0,0,0,0,100,0,0,0,0
2020-05-22,100,0,-26,0,0,0,0,0,0,-34,0,0,0,0,0,0,0,0,-1,0,11,0,2,0,0,0,0,-5,100,0,-54,0,0,0,0,0,0,0,54,0,100,0
2020-05-26,-14,0,0,0,0,0,76,0,0,0,0,0,0,0,0,-13,0,4,0,0,1,-24,-2,-100,0,0,0,0,1,0,-27,0,-100,0,0,0,0,-10,-15,0,-58,0
2020-05-27,0,0,0,0,0,0,0,0,0,0,0,0,-100,100,0,-30,0,-4,100,0,100,0,0,0,7,1,0,2,-100,0,0,0,0,0,0,0,0,0,-80,0,-15,0
2020-05-28,-46,0,0,0,0,0,0,0,0,0,0,0,0,66,0,-32,0,0,0,0,-100,0,25,-100,0,-1,15,100,-1,0,0,0,100,0,0,0,0,0,0,0,-27,91
2020-05-29,0,0,0,0,0,-29,0,0,0,0,0,0,0,0,0,0,0,0,60,0,0,1,0,-4,-7,0,0,0,0,0,-19,0,0,0,0,0,0,0,0,0,0,0
2020-06-01,-55,0,0,0,0,0,-76,0,0,73,0,0,0,-12,0,100,0,0,-2,0,-12,-1,0,0,2,0,0,-46,100,0,0,0,1,0,0,0,0,100,0,0,0,0
2020-06-02,-37,0,0,0,0,0,0,0,57,-40,0,0,0,0,0,-43,0,0,0,0,0,0,-25,100,0,0,-6,-56,100,0,0,0,-5,0,3,3,0,0,0,0,0,-62
2020-06-03,0,0,0,0,0,-100,0,0,-50,-33,0,0,0,0,0,0,0,0,0,0,0,0,0,2,0,0,0,1,-82,0,0,0,0,0,-3,-3,0,-47,0,81,0,0
2020-06-04,0,0,0,0,0,0,43,0,-7,0,0,0,0,-10,0,-100,0,0,-42,0,0,0,0,0,-2,0,-5,-1,0,0,0,0,0,0,8,0,0,-100,0,0,0,0
2020-06-05,0,2,0,0,0,-5,-43,0,0,0,0,0,0,-100,0,-25,0,0,0,0,100,0,0,0,0,0,-4,0,1,0,0,0,-27,0,0,0,0,-21,0,77,0,-29
2020-06-08,0,100,76,0,0,7,0,3,0,0,0,0,0,0,0,0,0,0,0,0,100,0,0,-70,0,0,0,100,-100,0,0,0,0,0,1,0,-1,0,0,-100,0,0
2020-06-09,0,100,-36,0,100,100,0,-3,0,0,43,0,100,0,0,2,0,0,0,0,-100,0,0,100,0,100,0,-100,1,0,0,0,-69,-1,-9,0,0,0,0,-58,0,100
2020-06-10,0,-42,3,0,-59,4,0,0,0,0,0,0,-85,-44,0,-2,0,0,0,0,-33,0,0,-17,0,0,0,0,0,0,0,6,0,0,0,0,0,0,0,0,0,100
2020-06-11,0,0,0,0,0,8,0,0,0,0,0,0,0,0,0,1,0,0,-100,0,0,0,0,0,100,0,0,0,0,0,0,-6,0,0,0,0,0,-22,0,21,0,100
2020-06-12,0,-19,0,0,-41,-33,47,0,0,0,0,0,-15,0,0,-1,0,1,-15,0,100,0,0,1,-36,-100,0,0,1,0,0,0,0,0,0,0,0,0,0,0,0,-100
2020-06-15,0,0,25,0,0,0,1,0,0,0,0,0,0,0,0,100,0,-1,0,0,-97,0,0,-100,0,0,0,0,5,0,0,0,1,0,0,0,0,100,0,-12,0,-100
2020-06-16,0,0,12,0,0,0,0,0,0,0,-43,0,0,0,0,-100,0,0,0,0,100,0,1,0,0,0,0,0,2,0,100,0,-1,0,0,0,0,0,0,0,0,0
2020-06-17,0,0,-80,0,0,100,100,0,0,0,0,0,100,0,0,0,0,0,0,0,-100,100,-1,0,0,54,0,0,-28,0,100,0,0,0,0,0,0,-42,0,-9,0,-44
2020-06-18,0,100,0,0,0,0,-38,0,0,0,0,0,-6,93,0,2,0,0,0,0,0,-100,0,-9,-20,100,0,0,0,0,0,0,0,0,0,0,0,0,0,0,0,-56
2020-06-19,0,-99,0,1,0,0,-34,0,0,0,0,0,0,-12,0,0,0,0,0,0,0,0,6,-7,-44,0,41,0,1,0,0,0,0,0,0,0,0,-58,0,0,0,0
2020-06-22,0,0,1,-1,0,0,-3,3,0,0,0,0,-94,0,0,-2,0,0,0,0,100,0,0,0,0,0,0,1,0,0,0,0,100,0,0,0,0,0,0,0,0,0
2020-06-23,0,0,-1,0,0,0,-73,-3,0,0,43,0,100,0,0,0,0,75,94,100,100,0,94,0,0,100,-41,-1,1,0,0,0,100,1,0,0,0,83,0,0,82,0
2020-06-24,0,-77,0,0,0,-61,0,0,0,0,0,0,100,0,0,100,9,-29,0,0,100,0,-13,0,0,-9,0,0,19,0,100,0,0,0,0,0,0,-83,0,0,0,0
2020-06-25,0,0,50,0,0,-23,0,0,0,0,0,0,0,-49,0,-100,2,0,-94,-61,-70,0,-87,0,0,-100,0,0,0,0,0,0,-84,0,0,0,0,0,0,0,-81,0
2020-06-26,0,100,-50,0,0,100,0,100,0,0,0,0,0,0,0,1,0,-21,0,0,0,0,0,0,0,-100,0,0,0,0,0,7,0,0,0,0,0,100,0,0,-1,0
2020-06-29,0,0,0,0,0,0,0,0,0,0,-43,0,5,-12,0,0,-11,0,0,-39,-100,0,0,0,0,-45,0,0,100,0,-70,-7,0,0,0,0,0,0,0,87,1,0
2020-06-30,0,0,0,0,0,-53,0,-100,0,0,0,0,-22,-18,0,0,100,0,89,0,-100,100,0,0,0,100,0,0,100,0,0,0,0,0,0,100,0,100,0,-87,100,0
2020-07-01,0,-63,0,0,0,0,0,0,0,0,0,0,100,0,0,0,0,-25,-89,0,0,0,0,76,0,0,0,0,-37,0,6,0,-68,0,0,0,0,0,0,0,-100,0
2020-07-02,0,100,0,0,0,0,0,0,0,0,0,0,-100,0,0,-1,-100,0,0,53,0,-96,0,0,100,0,0,100,-61,0,0,0,-48,100,0,1,0,-11,100,0,-1,0
2020-07-03,0,-56,0,0,0,-41,33,0,0,0,0,0,-75,-2,0,0,0,0,0,-41,100,4,0,0,0,-7,0,1,0,0,-100,0,0,100,0,-75,0,0,-1,0,0,0
2020-07-06,100,0,0,0,0,-19,-24,0,16,0,0,2,-82,0,0,0,0,0,100,-12,-100,0,0,-52,-21,0,0,-1,2,0,-26,0,0,-1,0,-20,0,0,0,0,0,0
2020-07-07,-68,0,0,0,0,-33,-9,62,0,0,0,100,-24,0,0,0,100,0,-100,0,-100,-8,1,0,-13,0,0,100,-14,0,-22,0,0,0,0,1,0,0,-68,0,0,0
2020-07-08,-32,0,0,0,0,-15,0,-62,0,15,0,100,-2,0,0,0,-1,0,0,0,0,0,0,-19,0,-30,0,-56,26,0,11,0,100,-51,0,0,0,0,0,0,0,0
2020-07-09,0,-27,0,22,0,0,0,0,-16,0,0,0,0,0,0,0,0,0,0,0,0,0,0,0,0,0,0,1,-58,0,-99,0,0,0,0,-7,0,0,0,0,0,0
2020-07-10,0,-100,0,-22,0,100,0,0,41,0,0,-100,0,0,0,0,0,0,0,0,0,0,-1,-5,100,0,0,13,-15,0,0,0,0,-46,0,0,0,-63,0,0,0,100
2020-07-13,0,-19,0,0,0,-100,0,-1,-25,0,78,-95,100,0,0,0,0,0,0,0,0,0,0,0,0,1,0,-3,-32,0,0,0,0,-100,0,0,0,0,0,0,0,-37
2020-07-14,0,0,0,0,0,-71,0,0,0,0,0,-7,-47,0,0,2,100,0,0,0,0,0,0,0,-97,100,0,-53,0,0,0,0,-100,0,0,0,0,-100,-31,0,49,-63
2020-07-15,0,0,0,0,0,0,0,0,-16,0,82,0,-50,0,0,0,-11,0,0,0,0,0,0,0,-69,0,0,0,-18,0,0,0,0,-2,0,0,0,0,1,0,0,0
2020-07-16,0,0,0,0,0,0,0,0,0,0,-52,0,-3,0,0,-2,0,0,0,0,100,0,0,0,0,-81,30,-21,-12,0,0,0,0,0,2,5,0,-26,-1,0,-49,0
2020-07-17,0,0,0,0,0,0,0,0,0,0,-59,0,0,0,0,0,0,0,0,0,-100,0,0,0,0,0,-30,-62,5,0,0,0,100,0,-2,-5,0,0,0,65,0,0
2020-07-20,0,0,5,0,0,0,1,0,0,0,-22,0,0,0,0,0,0,0,100,0,100,0,0,0,0,-77,0,-19,-7,0,0,0,-21,0,0,0,0,0,0,0,0,6
2020-07-21,100,0,-5,0,0,0,-1,100,0,-15,-24,0,0,0,0,0,-13,0,100,0,-100,0,0,0,0,0,0,0,100,0,1,0,0,100,100,0,0,0,38,-54,1,0
2020-07-22,0,0,0,0,0,0,0,0,0,0,-3,100,0,0,0,0,-85,0,0,0,0,0,0,0,0,-6,20,0,1,0,0,0,-79,0,-100,4,2,0,100,-11,-1,-6
2020-07-23,0,0,0,0,0,0,0,0,0,3,0,-68,0,0,0,0,0,0,3,0,0,0,0,0,0,0,0,0,100,0,100,0,0,0,0,-4,0,0,0,0,0,0
2020-07-24,100,0,0,0,5,0,0,100,0,5,0,-32,0,0,0,0,-35,0,-58,0,0,100,0,0,0,0,0,2,-100,0,-6,0,0,-100,0,0,0,0,-100,0,0,0
2020-07-27,-79,0,0,0,-5,0,0,0,100,51,0,0,5,0,0,0,-55,100,-100,0,2,0,0,0,0,0,-20,-2,-63,0,0,0,0,0,0,0,-1,0,-38,0,0,0
2020-07-28,0,0,0,0,0,0,0,0,0,0,0,0,-5,0,0,0,0,-100,0,0,-2,0,0,0,0,0,4,2,100,0,0,0,0,0,0,0,0,9,0,0,0,0
2020-07-29,0,0,0,0,0,7,0,100,-57,-17,0,0,0,0,0,0,0,0,-45,0,0,100,0,100,0,100,-4,1,-84,0,-95,0,0,0,0,0,0,-8,0,0,0,0
2020-07-30,-100,0,0,0,0,0,4,100,0,-42,0,0,0,1,0,0,0,100,0,0,100,-100,0,100,0,0,0,1,100,0,0,5,0,0,4,0,0,-1,0,0,0,0
2020-07-31,-21,1,0,0,0,-7,64,-77,0,0,0,0,0,0,0,0,0,0,0,0,-100,-100,0,0,0,0,0,5,-100,0,0,-5,0,0,0,0,0,0,0,0,0,0
2020-08-03,0,-1,0,51,0,0,0,0,0,0,0,0,0,0,0,0,0,-81,0,0,0,0,0,-100,0,-2,0,0,-54,0,0,0,0,0,-4,0,0,4,0,0,0,0
2020-08-04,100,0,0,0,0,0,-68,100,-20,0,0,0,0,-1,0,0,0,0,0,0,0,0,0,0,0,44,0,0,1,0,0,0,0,0,0,100,0,0,0,0,0,0
2020-08-05,-51,0,0,-51,0,1,0,0,0,0,0,0,0,0,0,0,0,-19,0,0,0,0,0,0,0,0,0,0,-1,0,0,0,0,0,0,0,0,-4,0,65,0,0
2020-08-06,-49,100,0,0,0,100,0,-100,100,0,0,0,0,0,0,0,0,0,100,0,0,0,0,-54,0,-57,0,5,0,0,0,0,35,0,0,0,0,0,0,-40,0,0
2020-08-07,55,-72,0,100,0,-25,0,0,-100,0,0,0,0,0,0,0,0,0,1,0,0,0,1,-46,0,-85,0,-14,1,0,0,0,-35,100,0,-100,0,100,0,-25,0,100
2020-08-10,-10,0,19,0,0,7,0,-27,-1,0,0,0,0,0,0,1,0,0,-61,0,1,0,0,0,0,0,0,0,0,0,0,0,0,-100,0,0,0,0,0,0,0,0
2020-08-11,-45,-28,-17,0,100,0,0,0,44,0,0,0,0,0,0,1,0,0,-40,0,-1,0,0,0,0,0,0,0,-1,0,0,0,0,4,0,0,0,0,0,0,0,100
2020-08-12,0,0,-2,0,1,1,0,-91,-66,0,100,0,0,0,0,-2,0,0,0,0,0,0,-1,0,0,0,0,1,0,49,0,0,0,-4,0,0,0,-13,0,0,0,-100
2020-08-13,0,0,0,-30,100,0,0,0,0,0,0,0,0,63,0,0,0,0,0,0,0,0,3,0,0,0,0,-1,2,0,0,0,0,0,0,0,0,-28,0,0,0,0
2020-08-14,0,0,0,0,-100,0,38,-25,0,0,0,0,0,0,0,0,0,0,0,0,0,0,0,0,0,0,0,0,-2,0,1,0,0,0,0,0,0,-59,0,0,0,-100
2020-08-17,0,0,0,-70,0,-84,-38,0,0,0,-48,0,0,-63,90,0,0,1,0,0,0,0,0,0,0,0,0,0,0,-44,0,0,0,0,0,0,0,3,0,100,0,0
2020-08-18,0,0,0,0,0,0,0,-46,0,0,-52,0,29,0,-23,0,0,0,0,0,0,0,-3,0,0,0,0,0,2,100,0,0,0,0,0,0,0,-3,0,-4,0,0
2020-08-19,0,0,0,0,0,0,0,0,0,0,51,0,0,0,0,0,0,0,0,0,100,0,0,0,0,0,0,0,0,-79,0,0,100,0,0,0,0,0,0,0,0,0
2020-08-20,0,0,0,0,0,0,0,-100,0,0,-38,0,-29,0,100,2,0,-1,0,0,-19,0,0,0,0,0,0,83,1,-25,-1,0,-18,0,0,0,22,100,0,-44,0,0
2020-08-21,0,0,0,0,0,0,0,0,0,0,-13,0,0,0,0,2,0,0,39,0,100,0,0,0,0,0,0,0,-3,0,0,0,0,0,0,0,0,0,0,0,0,0
2020-08-24,0,0,0,0,-99,0,0,-33,0,78,0,0,0,0,-8,0,0,0,2,0,-60,0,0,0,0,0,0,2,0,0,0,0,-48,0,0,0,0,0,0,-52,0,0
2020-08-25,0,0,0,0,-2,0,0,0,12,0,0,0,0,0,0,0,0,6,-41,0,-8,0,0,0,0,0,0,1,0,0,0,0,-34,0,0,0,0,0,0,0,0,0
2020-08-26,0,0,0,0,0,0,0,0,7,0,0,0,0,0,0,-4,0,-6,0,0,0,100,0,0,0,0,0,-17,17,0,0,0,100,0,0,0,-22,-58,0,0,0,0
2020-08-27,0,0,0,0,0,0,0,0,0,0,0,0,0,0,0,0,0,0,0,0,-100,0,0,0,0,0,0,0,1,0,0,0,-1,0,0,0,0,0,0,0,0,30
2020-08-28,0,0,0,1,0,0,0,0,-19,-78,0,0,0,0,0,0,0,0,1,0,100,-33,0,0,0,0,-1,-48,-4,1,0,20,-3,1,0,0,0,-30,0,0,0,0
2020-08-31,0,0,0,-1,0,0,0,44,0,0,0,0,0,0,-71,0,0,0,-1,0,100,-67,1,0,100,0,0,-21,100,-1,0,0,0,100,0,100,0,0,0,0,0,0
2020-09-01,0,0,0,0,0,0,0,0,0,0,0,0,0,0,65,0,0,0,0,100,100,0,100,100,-34,100,0,0,-29,0,1,-20,-79,-59,0,0,0,0,0,0,0,-30
2020-09-02,0,0,0,0,0,0,52,-44,0,0,0,0,0,0,0,100,0,7,0,0,-100,0,1,0,-66,-100,0,0,0,0,-1,0,-17,0,0,-100,0,0,0,0,0,0
2020-09-03,0,0,0,0,0,100,-32,0,0,0,0,5,100,0,0,0,0,-7,1,-48,-100,0,-100,-54,0,0,25,0,0,0,0,0,0,-22,0,0,0,0,0,0,0,0
2020-09-04,100,0,0,93,0,0,0,0,0,0,0,0,-100,0,-100,0,0,0,-1,0,0,0,-2,-36,0,0,-24,0,4,0,0,0,100,0,0,0,0,0,0,0,0,0
2020-09-07,-54,0,0,0,0,0,-13,0,0,0,0,-5,0,0,-24,0,96,0,0,0,-97,6,0,-10,0,0,0,100,1,0,0,0,100,-20,0,0,0,-12,0,0,0,0
2020-09-08,0,0,0,0,0,-1,0,0,0,0,0,0,100,0,-11,0,0,0,0,-52,-7,2,0,0,0,0,0,1,0,0,0,0,-7,23,0,0,0,0,0,0,0,0
2020-09-09,0,0,0,-93,0,-81,-7,0,0,0,0,0,-75,100,-18,100,0,0,0,0,81,100,0,100,43,100,0,1,-58,0,100,0,0,100,0,0,0,0,0,0,0,100
2020-09-10,0,0,0,0,100,-18,0,0,83,0,1,0,0,0,0,2,-96,0,0,0,0,-99,0,-28,-43,0,0,-69,-32,0,0,0,0,0,0,0,0,0,0,0,0,-12
2020-09-11,100,0,0,0,-5,0,0,1,-83,0,-1,0,0,0,0,-55,0,0,0,0,0,0,1,0,0,-36,0,-33,0,85,0,0,-48,-95,0,0,0,0,0,0,0,-88
2020-09-14,96,0,0,0,-84,0,0,-1,0,0,0,0,0,-96,0,1,0,0,0,0,0,-5,0,0,0,-15,0,0,0,-10,-100,0,0,0,0,0,0,0,0,0,0,0
2020-09-15,-18,100,0,0,-11,0,0,0,0,0,0,0,0,-4,0,0,0,0,0,0,0,3,-1,-72,0,0,0,1,0,0,0,0,0,0,0,0,0,57,0,0,100,0
2020-09-16,70,-67,0,0,0,0,0,0,0,0,0,0,0,0,0,0,0,0,0,0,0,0,0,0,0,-49,0,-1,0,-4,3,0,-90,-28,0,0,0,0,0,0,-18,0
2020-09-17,-91,0,0,0,0,0,0,0,0,0,0,0,2,0,0,-47,0,0,0,0,100,-7,0,0,0,0,0,0,0,-71,0,0,0,0,1,1,0,0,0,87,0,0
2020-09-18,-17,-33,0,0,100,0,0,0,0,0,0,0,0,0,0,-69,1,0,0,0,100,0,0,0,0,0,1,0,1,0,3,0,-9,0,-1,-1,0,0,0,0,0,0
2020-09-21,-100,0,0,0,-100,0,0,0,0,0,100,0,0,0,0,-32,96,0,0,0,-100,0,0,0,0,0,0,0,100,0,-6,0,0,0,2,0,0,1,0,-37,-82,100
2020-09-22,0,0,0,0,1,0,0,0,0,0,0,0,-27,0,0,0,-28,0,0,0,1,0,0,0,0,0,2,0,100,0,0,2,100,0,100,0,0,-58,0,0,0,0
2020-09-23,0,0,0,0,0,0,0,100,0,0,-91,100,0,0,0,100,-69,0,0,0,100,0,1,0,0,100,-3,0,-53,0,0,0,0,0,100,0,84,0,0,-19,0,-86
2020-09-24,-40,1,0,0,0,0,0,-5,0,0,0,0,0,0,0,0,0,0,0,0,-100,0,0,0,0,100,27,0,-89,0,0,0,-100,100,100,0,-14,0,0,-31,11,-14
2020-09-25,0,-1,0,0,-1,0,0,-5,0,0,100,-100,0,0,0,100,0,100,41,0,-20,0,-1,0,0,-16,-27,100,0,0,0,0,-46,0,-67,0,0,0,0,0,0,1
2020-09-28,0,0,0,0,0,0,0,0,0,0,0,0,0,0,0,-100,0,-81,0,0,-34,100,0,0,0,0,0,-97,13,0,0,2,0,0,0,0,0,0,0,0,0,0
2020-09-29,0,0,0,29,0,6,0,0,0,0,0,0,0,0,0,-100,0,-2,100,0,-100,-14,0,0,0,0,0,1,-69,0,100,-4,100,100,100,0,-70,0,0,0,0,-1
2020-09-30,-46,0,0,0,0,1,0,-17,0,0,0,0,0,0,0,0,0,0,-100,0,1,-2,0,0,0,1,0,-4,2,0,-67,0,-24,-82,-100,0,0,0,0,58,0,0
2020-10-01,100,0,0,-29,0,-7,24,0,0,0,-100,0,0,0,0,0,0,8,0,0,-38,-49,0,0,0,0,0,0,-5,0,-33,0,-39,-1,-89,0,0,100,0,0,-11,0
2020-10-05,0,92,0,0,0,0,-24,-42,0,0,77,0,0,0,0,0,0,86,100,0,0,2,100,0,0,0,0,0,0,0,100,0,80,-100,100,0,0,2,0,-58,0,0
2020-10-06,-81,100,0,68,0,0,0,-31,0,0,-28,0,0,0,0,0,0,0,-68,0,0,-37,0,0,0,-100,0,0,0,0,0,0,0,100,-8,0,0,0,0,0,0,100
2020-10-07,-19,-57,0,-8,0,0,0,100,62,0,-58,0,0,0,0,0,0,-54,-73,0,1,1,0,2,100,0,0,0,0,0,-50,0,-41,0,-15,0,0,-96,0,0,0,100
2020-10-08,0,-100,0,-60,100,100,100,0,-62,0,0,0,0,0,0,100,0,-53,6,0,-1,84,84,0,-6,-81,0,0,100,0,-50,0,-6,-100,-100,0,0,100,0,0,0,1
2020-10-09,0,-35,0,0,-100,0,0,-100,0,28,0,0,0,0,0,-10,0,0,-6,0,0,0,-49,-2,-13,-4,0,0,3,0,0,0,0,-17,0,2,0,0,1,0,0,100
2020-10-12,0,0,0,0,0,0,-6,0,0,0,38,0,0,0,0,0,0,0,0,0,0,0,-21,0,0,0,0,0,-100,0,0,0,0,0,0,0,0,-57,-1,0,0,0
2020-10-13,0,0,78,0,0,4,-87,0,0,0,-38,0,0,0,0,-7,0,-4,0,0,0,0,1,0,0,100,0,0,-3,0,0,0,-70,0,-97,0,0,-37,0,0,0,-100
2020-10-14,0,0,-48,0,0,0,-7,0,0,36,0,0,0,0,0,6,0,0,0,0,0,0,-47,100,0,-100,0,0,0,0,0,0,0,100,0,0,0,-12,0,0,0,100
2020-10-15,0,0,0,0,0,-100,0,0,0,0,0,0,0,0,0,83,0,0,0,0,0,-85,-48,-100,0,0,0,0,1,0,0,7,0,0,-26,-2,0,0,0,0,0,100
2020-10-16,76,0,0,0,0,0,0,0,0,-21,0,0,0,0,0,-10,0,0,0,0,3,0,-20,0,0,0,0,0,-1,0,0,0,0,-20,0,0,0,0,0,0,2,-100
2020-10-19,0,100,-30,7,0,0,0,0,0,0,0,0,0,0,0,0,0,0,0,0,-3,1,0,100,0,0,0,100,0,0,0,-7,0,-43,0,100,0,0,100,0,0,-95
2020-10-20,-76,0,0,83,0,0,0,0,0,0,0,0,0,0,0,-16,0,0,0,0,0,-1,0,0,-81,100,0,-85,3,0,0,0,0,0,0,0,0,0,-49,0,0,-83
2020-10-21,100,-34,0,0,100,-4,0,0,0,-26,0,0,0,0,0,-12,0,0,0,0,0,0,0,-100,0,0,0,100,-3,0,0,0,0,0,0,0,0,0,0,0,72,-8
2020-10-22,61,-25,0,0,0,0,0,0,0,0,0,0,0,0,0,-100,0,0,0,0,0,0,0,0,0,0,0,0,1,0,6,0,0,0,0,-100,0,0,-19,0,0,-100
2020-10-23,100,0,0,-75,0,0,0,57,0,0,0,0,0,0,0,0,0,0,0,0,0,0,0,0,0,0,0,0,0,0,-6,0,0,0,1,0,0,0,0,0,1,-15
2020-10-26,0,0,0,-3,0,0,0,-57,0,-17,0,0,0,0,0,100,0,0,0,100,4,0,0,0,0,5,10,-100,0,0,0,0,0,-37,-1,0,0,0,-32,0,0,0
2020-10-27,-67,-41,0,0,0,0,6,0,0,0,1,0,0,0,0,0,0,0,0,-52,0,0,1,0,0,-5,0,-15,-1,100,0,0,0,0,0,0,0,0,0,0,-75,100
2020-10-28,32,0,0,0,-72,0,-6,0,0,0,-1,0,0,0,0,3,0,0,0,0,-4,0,-1,0,0,0,0,0,0,0,0,0,0,0,0,0,0,0,0,0,0,-40
2020-10-29,0,0,0,-10,100,100,0,0,0,0,0,0,100,0,0,0,7,0,0,-48,0,0,0,100,1,0,-10,0,0,-100,0,0,0,0,0,0,0,0,0,0,100,-60
2020-10-30,0,0,0,0,100,0,0,0,0,11,0,0,-96,0,0,1,-7,0,0,0,0,0,0,-62,0,-100,0,0,1,0,0,0,0,0,0,0,0,100,100,0,-100,0
2020-11-02,60,0,0,0,0,0,0,0,0,0,0,0,-4,0,0,-39,0,0,0,0,0,0,1,-26,0,0,0,0,-1,0,0,0,0,0,0,0,0,-100,0,0,0,0
2020-11-03,0,0,0,0,51,-10,0,0,0,0,0,0,0,0,0,0,0,0,0,0,0,0,0,-12,-1,0,0,2,0,0,0,0,0,0,0,0,0,0,0,0,0,0
2020-11-04,0,5,0,0,-100,0,0,0,0,-11,0,0,0,0,0,-33,0,0,0,0,100,1,-1,0,0,0,0,-2,0,0,0,0,0,0,0,0,0,0,-100,48,0,0
2020-11-05,16,-5,0,-2,0,-35,0,0,0,0,0,0,0,0,0,-66,0,0,0,0,-33,-1,0,0,0,0,0,2,0,0,0,0,0,0,0,3,0,0,0,0,0,0
2020-11-06,-75,0,0,0,-6,-55,0,0,0,0,0,0,0,0,0,0,0,0,0,0,-67,0,0,0,0,0,0,-2,100,0,1,0,0,1,0,-3,38,100,0,0,0,0
2020-11-09,-100,0,0,0,-44,0,0,0,0,19,0,0,0,0,0,0,0,0,0,0,0,100,0,0,100,0,0,100,-12,0,-1,0,0,0,0,0,-38,-23,100,-4,100,0
2020-11-10,-60,0,0,0,-100,0,0,0,0,0,0,0,0,0,0,100,0,0,0,0,0,2,0,0,100,0,0,-100,-88,0,100,0,100,100,0,100,72,1,-57,-44,-6,0
2020-11-11,0,0,37,0,-29,0,0,0,0,-19,0,0,0,0,0,0,0,100,0,0,0,-60,100,0,-2,0,0,2,0,0,-95,0,-83,-84,0,-100,0,5,-26,0,-94,0
2020-11-12,37,0,0,0,0,0,0,0,0,0,0,0,0,0,0,0,0,3,0,0,0,-42,-83,0,0,0,0,0,5,0,0,0,-1,-17,0,0,0,-46,0,0,0,0
2020-11-13,-16,0,5,0,0,0,0,100,0,0,0,0,0,0,0,-72,2,-12,0,0,0,0,-17,0,0,0,0,-2,100,0,1,0,0,0,0,0,-72,0,100,0,0,0
2020-11-17,-87,0,0,24,0,0,0,0,0,0,0,0,0,0,0,-28,-2,-37,5,0,0,0,0,0,100,0,0,0,4,0,-6,0,0,0,0,0,0,0,0,0,0,0
2020-11-18,0,0,-42,-24,0,0,0,0,0,44,1,100,1,100,0,0,0,100,0,0,0,0,0,0,0,0,0,2,1,0,0,0,1,0,0,0,0,100,-100,0,0,0
2020-11-19,100,0,0,0,0,0,0,-36,0,-44,-1,-100,0,-100,0,3,0,0,-5,0,0,0,0,0,-53,0,0,0,-6,36,0,0,-17,0,0,0,100,0,-17,0,0,0
2020-11-20,-100,0,63,0,0,0,0,0,0,0,0,0,0,4,0,-3,0,-100,0,0,0,0,0,0,-13,1,0,-2,-49,-36,0,0,0,0,0,0,-74,0,0,0,0,0
2020-11-23,100,0,-63,0,0,0,0,-64,0,0,0,0,-1,-4,0,100,0,16,100,0,100,0,100,0,-35,-1,0,3,-1,0,0,10,0,0,0,0,0,-16,0,0,100,0
2020-11-24,97,0,0,0,0,0,0,0,0,0,0,0,0,0,0,-38,0,0,0,0,-100,0,0,0,-100,0,0,-3,2,0,0,0,1,0,0,0,0,-100,0,0,0,0
2020-11-25,-29,0,0,0,0,0,0,0,0,0,0,0,0,0,0,-56,0,22,-98,0,0,100,0,100,-91,0,0,0,2,0,0,0,-1,0,0,0,-26,-21,100,0,0,0
2020-11-26,0,0,0,0,0,0,0,0,0,0,0,0,0,0,0,-6,0,-92,-2,0,100,0,-38,-10,0,0,0,0,-58,0,0,0,0,0,1,0,0,0,57,0,0,0
2020-11-27,-22,0,0,0,0,100,0,0,0,0,42,0,0,0,0,0,0,0,0,0,0,-22,0,0,-6,0,0,16,0,0,0,0,0,0,100,0,0,0,-75,0,0,0
2020-12-01,-100,0,0,61,0,6,0,0,0,0,-42,0,0,0,0,0,0,0,0,0,4,-42,-37,100,0,0,0,-16,0,0,0,0,0,0,0,0,0,0,-82,0,-64,0
2020-12-02,-47,0,0,0,0,100,28,0,0,0,0,0,0,0,0,0,0,0,0,0,0,0,-2,-36,0,0,0,0,2,0,0,0,0,0,100,0,0,0,0,0,-36,100
2020-12-03,0,0,0,0,0,0,-28,0,0,0,58,0,0,0,0,0,0,0,0,0,0,-36,-23,0,0,0,0,0,100,0,0,0,0,0,-28,0,0,0,0,0,0,-100
2020-12-04,0,4,0,0,0,0,0,0,0,4,0,0,0,0,0,0,0,0,0,0,-31,0,0,-7,0,0,0,0,-75,0,0,0,0,0,0,0,0,0,0,0,0,0
2020-12-07,100,-4,0,0,0,0,0,0,0,0,0,0,0,0,0,0,0,0,0,0,-60,1,0,0,0,0,0,0,-27,0,0,-10,0,54,-100,0,0,0,0,0,0,0
2020-12-08,22,0,0,0,0,-8,0,0,0,-4,0,0,0,0,0,0,0,0,0,0,-5,-1,0,0,0,0,0,0,1,0,0,0,0,-54,0,0,0,0,0,0,0,0
2020-12-09,0,0,0,-45,0,0,0,100,0,0,-27,0,0,0,57,0,0,0,0,0,-8,14,0,-41,100,0,0,0,2,0,0,0,0,0,-73,0,0,0,0,0,0,0
2020-12-10,-100,0,0,-16,0,0,0,0,0,66,0,0,100,0,-57,0,0,0,0,0,100,-14,0,-22,0,100,0,2,-3,0,2,0,100,0,0,0,0,0,0,0,0,0
2020-12-11,0,0,0,-1,0,0,0,-39,0,0,79,0,-42,0,0,0,0,9,0,0,-8,0,0,0,0,-100,0,-2,0,0,-2,0,-100,0,0,0,0,0,0,0,0,0
2020-12-14,0,0,0,0,0,-100,100,-23,0,-66,-100,0,0,0,76,0,0,1,0,0,100,1,0,0,-40,0,0,0,0,0,0,0,100,0,0,0,0,0,0,0,0,0
2020-12-15,-22,0,0,0,0,10,-27,-38,0,0,-9,0,-47,0,-76,1,0,0,0,0,-35,0,0,-84,-22,0,87,0,0,0,0,0,0,0,0,0,0,0,0,0,0,0
2020-12-16,0,43,0,0,0,0,0,0,0,0,0,0,-11,0,0,-1,0,0,0,0,0,-1,0,0,-38,0,0,0,100,0,0,0,-26,0,2,0,0,0,0,0,0,100
2020-12-17,0,-43,55,0,0,-78,0,0,0,0,-1,0,0,0,0,0,0,0,0,0,1,0,0,0,0,0,-67,0,-100,0,100,0,0,0,1,0,0,6,0,0,0,100
2020-12-18,0,1,-55,0,0,0,0,0,0,0,0,0,0,0,100,0,0,-10,0,0,-16,0,0,0,0,0,0,0,0,0,0,0,-74,0,0,0,0,0,0,49,1,-28
2020-12-21,59,-1,0,0,51,-27,-73,0,0,0,0,5,0,100,-87,0,0,77,58,95,-99,100,0,0,0,50,-20,100,42,0,-12,0,0,0,-3,0,85,-6,0,-49,77,100
2020-12-22,100,0,0,0,-51,-3,0,100,6,0,0,0,0,0,-13,0,0,0,-58,-95,0,-15,0,0,0,-33,0,4,0,0,-88,0,0,1,0,0,0,0,0,0,0,-100
2020-12-23,-77,0,48,1,0,0,0,-100,0,0,0,100,0,0,0,0,0,-35,0,0,2,0,0,0,0,-17,0,-100,0,0,0,0,0,-1,0,0,-85,2,0,0,0,100
2020-12-24,0,0,0,0,0,0,0,0,-5,0,0,0,0,0,0,0,0,-42,0,44,-45,-50,0,0,0,0,0,-4,0,0,0,0,0,0,1,0,0,0,0,0,0,0
2020-12-28,-82,0,0,0,0,0,0,0,0,0,0,0,0,0,0,0,68,0,0,1,0,0,0,0,0,0,0,100,0,0,0,0,100,0,0,0,0,0,0,0,2,-33
2020-12-29,0,0,-48,0,100,100,0,0,0,93,0,0,0,-19,0,0,-34,0,0,0,0,-35,0,0,0,100,0,-100,-42,0,0,0,-100,0,10,0,0,-2,0,0,-41,0
2020-12-30,0,0,0,0,0,0,0,0,-1,0,0,-47,0,-78,0,14,0,0,0,-5,1,0,0,0,0,-39,0,0,0,0,0,8,0,0,0,0,0,0,0,2,-39,0
2020-12-31,0,0,0,0,-48,1,0,0,0,-93,100,-58,0,-3,0,0,-34,0,0,0,100,100,0,0,0,26,0,0,1,0,0,14,0,100,-11,0,0,0,0,-2,0,-100
2021-01-01,0,0,33,0,-52,100,0,0,100,0,-36,0,0,0,0,-14,0,100,0,-40,0,0,0,0,0,-87,0,100,100,0,0,-22,0,-49,0,0,0,0,3,0,0,-2
2021-01-04,0,0,0,0,0,0,0,0,0,0,0,0,0,0,0,0,0,0,0,0,0,-69,0,0,0,0,0,0,1,0,0,0,0,-39,0,0,0,0,0,0,0,94
2021-01-05,0,100,2,0,0,5,0,0,0,0,0,0,0,0,0,0,0,-100,0,0,0,-2,0,0,0,0,0,1,0,0,0,0,0,-12,0,0,0,0,-3,0,0,-50
2021-01-06,0,0,-23,0,0,0,0,0,0,0,28,0,100,0,0,1,0,0,0,0,-100,100,0,0,0,0,0,100,100,0,0,0,3,0,0,0,0,0,0,0,0,0
2021-01-07,0,-4,-12,0,0,100,0,0,-100,0,100,0,-100,100,0,0,0,0,0,0,-1,0,0,59,0,0,0,-100,-41,0,0,0,-3,0,1,0,0,0,0,0,0,100
2021-01-08,0,-96,0,0,0,-72,0,0,0,44,0,0,0,-100,0,0,0,0,0,0,0,0,0,0,2,1,0,-76,-22,0,0,0,0,0,2,0,0,0,0,0,100,-100
2021-01-11,0,0,0,0,0,-100,0,0,0,-44,0,0,0,0,0,0,0,0,100,0,0,1,100,0,-2,100,0,-25,0,0,1,0,0,0,0,0,36,0,0,0,0,-100
2021-01-12,0,0,0,0,0,-23,46,0,0,0,0,0,0,0,0,0,0,0,-78,0,0,0,0,-24,0,0,0,1,0,0,0,0,0,0,-3,0,0,0,0,0,0,-81
2021-01-13,0,0,0,0,100,100,-21,100,0,0,0,0,0,0,0,-1,0,0,1,18,0,0,-100,0,0,0,0,1,-100,0,-1,0,0,0,0,0,-36,0,0,0,-31,100
2021-01-14,0,0,0,0,0,-36,100,0,0,0,-100,0,1,0,0,1,0,0,-23,-3,0,0,100,-35,0,0,0,-2,-39,0,100,0,0,0,0,0,0,0,18,0,-28,-100
2021-01-15,0,0,0,0,0,-54,0,-66,0,0,31,0,0,0,0,-1,0,0,1,-15,100,-19,-68,0,0,-30,0,9,0,0,0,0,0,100,0,0,0,0,-6,0,0,0
2021-01-18,0,0,0,0,-97,-50,0,0,0,0,0,0,0,0,0,0,0,0,0,0,-9,0,0,0,0,0,0,2,0,0,0,0,0,89,0,0,0,0,-12,0,0,100
2021-01-19,0,0,0,0,0,0,0,0,0,0,-100,0,-1,0,0,0,0,9,0,0,-91,-73,-25,0,0,0,0,1,100,0,0,0,0,0,0,0,0,0,0,60,-41,0
2021-01-20,0,0,0,0,0,1,0,-34,0,0,-23,100,0,0,0,100,2,2,-1,0,0,0,0,0,0,-65,0,-12,0,0,-100,0,0,0,0,0,0,0,0,0,0,100
2021-01-21,0,67,0,0,-3,-48,0,0,0,0,0,0,0,0,0,-100,0,0,0,0,0,1,-7,0,100,-3,0,0,0,100,1,0,0,0,0,0,0,0,0,-60,0,-23
2021-01-22,0,-67,17,0,0,0,1,0,0,0,0,-64,0,0,0,0,0,-11,0,0,0,14,0,0,0,-3,0,0,1,-67,-1,0,100,-17,0,0,0,0,0,0,0,100
2021-01-25,0,0,0,0,0,0,0,0,0,0,41,0,0,0,0,5,-2,100,0,0,0,0,100,0,-63,0,0,100,1,-28,0,0,-100,0,0,0,0,0,0,0,0,-39
2021-01-27,0,0,0,0,0,-24,-100,0,0,0,0,-36,0,0,0,-5,0,-58,0,0,0,2,0,3,-37,0,70,0,-81,-5,0,0,0,-100,0,0,0,1,0,0,0,0
2021-01-28,0,0,-17,0,0,3,-26,0,0,0,1,0,0,0,0,0,0,-42,0,0,1,-5,-63,0,0,0,0,-100,-21,0,0,13,0,0,0,0,0,-1,0,0,0,-5
2021-01-29,100,0,0,0,0,0,0,100,0,0,90,0,0,0,0,0,0,0,0,71,11,-50,100,2,0,0,-70,0,0,0,0,-13,0,-35,0,0,0,0,62,0,0,100
2021-02-01,50,0,0,0,0,0,0,-35,0,0,0,0,0,0,0,0,0,0,0,0,-12,0,0,0,0,0,0,0,0,0,0,0,0,0,0,0,0,0,-62,0,0,0
2021-02-02,76,0,0,0,0,-3,0,-65,0,0,-11,0,0,0,0,0,0,0,0,-54,0,6,0,0,0,0,0,0,0,0,0,0,0,-37,0,0,0,0,0,0,0,-30
2021-02-03,0,0,0,0,0,0,0,0,0,0,0,0,0,0,0,0,0,0,0,0,100,-6,-49,-5,0,0,0,1,0,0,0,0,0,35,0,0,0,0,0,0,0,0
2021-02-04,0,0,0,0,100,0,0,0,0,0,7,0,0,0,0,0,0,0,0,-17,7,0,0,0,0,0,0,0,0,0,0,0,0,-35,0,0,0,0,0,0,0,-92
2021-02-05,0,100,0,0,0,0,0,0,0,0,-100,0,0,0,40,0,0,0,0,100,-11,0,0,0,0,0,0,0,0,0,0,0,0,0,0,0,0,0,0,0,0,-100
2021-02-08,0,100,14,0,-100,0,0,0,0,0,-28,0,0,0,-40,1,0,0,0,-100,100,0,-27,0,0,0,0,-1,0,100,0,0,0,0,0,4,0,0,0,0,0,0
2021-02-09,-41,3,-14,0,0,100,0,100,22,0,0,0,0,0,0,-1,0,0,0,100,0,0,71,0,0,0,0,1,48,-100,0,0,100,0,0,70,0,0,0,0,0,-100
2021-02-10,-53,0,0,0,0,0,0,0,-22,0,1,0,0,0,0,0,0,0,100,-11,0,100,0,0,0,100,2,-1,-48,0,0,0,0,2,0,0,0,0,0,0,0,0
2021-02-11,-91,0,0,0,0,3,0,0,0,0,0,0,0,0,0,0,0,0,0,-12,1,1,-38,0,0,-47,45,0,0,0,0,0,-74,-2,0,-59,0,0,0,0,0,100
2021-02-12,0,0,0,36,0,-59,0,0,0,0,0,0,0,0,0,0,0,0,-61,-77,-100,0,0,1,0,-53,0,0,1,0,100,0,0,0,1,0,0,0,0,0,0,0
2021-02-15,-41,-9,0,-36,0,100,0,-46,0,1,-1,100,100,0,0,0,0,100,0,2,-97,-21,0,100,0,0,-27,100,100,0,100,0,-26,0,-1,0,0,0,0,0,0,0
2021-02-16,0,100,0,0,0,-10,0,-46,0,0,0,-57,100,0,0,0,0,-37,-39,-2,0,0,1,100,0,0,-20,0,-100,0,-46,0,0,0,0,-15,0,6,0,0,0,-15
2021-02-17,0,-100,0,0,0,-23,0,0,0,80,1,-19,-29,0,0,0,0,0,0,0,0,-80,0,-100,0,0,0,-100,-1,0,1,0,0,0,0,0,0,-6,0,0,0,0
2021-02-18,100,0,0,0,0,0,0,0,0,-75,-1,-24,-100,0,0,0,100,-43,0,0,0,51,0,0,0,0,-1,72,0,0,-22,0,100,0,0,0,0,0,0,0,0,-62
2021-02-19,0,0,36,0,0,-100,0,0,0,0,0,0,-71,0,0,0,0,0,0,0,0,-51,-95,-100,0,0,0,-5,1,0,-49,0,0,0,0,0,0,0,0,0,0,0
2021-02-22,16,0,0,0,0,-11,0,-8,0,0,0,0,0,0,0,0,0,-20,0,0,0,0,0,-1,0,1,0,0,0,0,0,0,0,0,0,0,0,0,0,0,0,-33
2021-02-23,0,4,0,0,0,1,0,0,0,-6,0,0,0,0,0,0,-20,0,0,0,100,0,0,0,0,-1,0,-18,0,0,0,0,100,0,0,0,0,0,0,0,0,-1
2021-02-24,0,0,-36,0,0,-1,0,100,0,0,0,0,100,0,0,0,0,0,0,0,-75,0,0,0,0,0,0,0,-1,100,0,0,0,0,0,0,0,0,0,0,0,0
2021-02-25,0,0,0,0,0,0,0,-100,0,0,0,0,0,0,0,0,0,0,0,0,100,2,100,0,0,0,0,-28,0,-60,-15,0,-100,0,0,0,0,0,3,35,0,0
2021-02-26,-67,-33,0,0,100,0,41,0,0,0,0,0,-61,0,0,0,0,0,0,0,0,-2,0,0,0,0,0,-21,6,0,0,0,-100,0,0,0,0,100,0,-5,0,100
2021-03-01,-49,-41,0,0,-100,0,-41,0,41,0,0,0,-39,100,0,0,100,0,0,0,-100,100,-9,0,0,100,0,5,-6,-40,0,0,100,0,0,0,0,0,-3,-30,0,-23
2021-03-02,0,0,0,0,0,0,0,0,0,28,0,1,0,-100,0,0,0,100,0,0,-18,0,0,0,0,0,0,-5,0,0,-69,0,0,0,2,0,0,0,0,0,0,0
2021-03-03,0,0,0,0,0,0,100,0,-41,-28,0,-1,100,0,0,0,0,1,0,0,1,-5,-91,0,0,0,0,0,0,0,0,0,-100,0,-2,0,0,-67,0,0,0,0
2021-03-04,0,0,0,0,0,0,43,0,0,0,0,2,-100,0,0,0,0,-100,0,0,0,0,0,0,0,-83,0,0,1,0,0,0,100,0,0,0,0,-33,0,0,0,100
2021-03-05,0,0,24,0,0,17,-100,0,0,0,0,-2,0,0,0,1,-47,0,0,0,100,0,0,100,0,0,0,0,-1,0,0,0,0,0,0,0,0,0,0,0,0,-5
2021-03-08,0,0,-24,0,0,0,0,0,0,0,0,100,0,0,0,100,0,-1,0,0,-100,100,0,-100,1,0,0,0,4,0,0,0,0,0,0,0,85,0,0,0,0,-15
2021-03-09,0,-27,0,0,0,0,-43,0,0,0,0,0,100,0,0,-30,0,0,100,0,-8,0,0,49,-1,-17,0,0,100,0,100,0,100,0,0,0,-85,0,0,0,0,100
2021-03-10,100,0,0,0,0,-5,0,0,0,0,0,-26,0,0,0,100,-98,0,0,0,0,-100,0,-49,72,0,0,2,0,0,100,0,-42,0,0,0,0,0,0,0,0,-62
2021-03-12,-76,21,0,0,0,0,0,0,0,0,0,0,0,0,0,0,0,0,0,0,0,0,0,0,0,0,0,1,-4,0,0,6,0,0,0,0,0,0,0,0,0,0
2021-03-15,-24,0,0,93,0,-12,0,0,0,0,0,-74,-36,0,0,0,-8,0,0,0,0,0,0,0,-72,0,0,2,0,0,0,-6,0,0,-2,0,0,0,0,0,0,-42
2021-03-16,0,-18,0,18,8,0,0,0,0,0,0,0,-1,0,0,-100,-27,0,0,0,0,0,100,0,0,0,0,1,-14,0,1,0,0,0,0,0,0,0,0,0,0,-83
2021-03-17,0,2,0,0,0,0,33,0,0,0,0,0,-62,0,0,0,0,0,0,0,0,-45,-30,0,0,0,0,-6,-18,0,0,0,0,0,0,0,0,0,0,0,0,-70
2021-03-18,0,100,4,-31,-8,0,0,0,0,0,0,0,0,0,0,-71,0,0,-62,0,0,-7,0,0,0,100,0,2,0,0,0,0,0,0,0,0,0,4,0,0,100,0
2021-03-19,0,-100,-4,0,0,0,-33,0,0,0,0,0,0,0,0,0,0,0,22,0,0,-22,0,0,0,100,0,0,0,0,-51,0,-12,0,0,0,0,0,100,0,0,0
2021-03-22,0,100,0,0,0,0,0,0,0,0,0,0,0,0,0,0,0,0,-60,0,0,100,0,0,0,-100,0,4,0,0,-43,0,-50,0,0,0,0,94,0,0,0,0
2021-03-23,0,100,0,-80,0,0,93,1,0,0,0,0,-1,0,0,0,0,0,0,0,3,-100,0,0,100,-77,0,-6,-36,0,0,0,0,0,0,0,0,-47,-9,0,0,100
2021-03-24,0,-34,0,0,0,100,-33,-1,0,63,0,0,0,0,0,0,0,0,-1,0,0,0,-5,0,-92,-23,0,0,8,0,-19,0,100,0,0,0,0,0,-70,0,-32,100
2021-03-25,0,7,0,0,0,0,-60,0,0,-63,0,0,0,0,0,0,0,0,0,0,-3,-21,0,0,-8,0,91,0,100,0,-85,0,-100,0,100,0,0,0,0,0,-68,-100
2021-03-26,0,-97,0,0,0,0,0,0,0,0,0,100,55,0,0,100,0,0,0,0,0,0,0,0,0,0,0,0,-100,0,-3,0,-96,0,0,0,0,-51,0,0,0,-100
2021-03-30,0,-7,0,0,0,0,0,0,0,0,0,0,-55,0,0,-31,0,0,0,0,0,0,0,0,0,0,0,2,100,0,0,2,0,0,0,0,0,0,0,0,0,0
2021-03-31,0,0,0,3,0,0,0,0,0,0,0,-35,0,0,0,-59,0,0,2,0,0,0,0,0,0,0,-57,-2,-94,0,0,15,0,0,0,0,0,0,-21,0,0,100
2021-04-01,0,2,0,-3,0,0,0,0,0,0,0,0,0,0,100,0,0,0,-1,0,0,0,-65,0,100,0,-33,0,100,91,0,-17,100,100,100,0,0,0,0,0,0,-15
2021-04-05,100,0,0,0,0,-33,0,0,0,0,10,-65,0,0,0,0,0,0,0,0,0,0,0,100,-68,1,0,5,-5,-89,0,0,-57,-100,100,0,0,0,0,0,0,-12
2021-04-06,0,-100,0,0,0,1,0,0,0,0,-10,0,0,0,-7,-10,0,0,99,0,100,0,100,-49,0,-1,0,-5,1,-2,0,0,0,0,-23,0,0,0,0,0,100,-10
2021-04-07,0,7,0,0,0,-68,0,0,0,0,0,0,0,0,0,0,0,0,-80,0,0,0,100,0,0,0,0,0,0,0,0,0,-43,0,-31,0,0,0,0,12,0,-1
2021-04-08,100,-80,0,0,0,0,0,0,0,0,0,0,0,0,-6,1,0,0,8,0,-15,0,0,-21,-32,0,0,0,1,0,0,0,0,0,0,0,0,0,0,-12,-9,-62
2021-04-09,-100,0,0,0,0,0,100,0,0,0,0,0,0,0,-87,-1,1,0,0,0,1,0,0,-30,0,100,9,0,22,0,0,0,0,0,0,0,0,0,0,0,0,100
2021-04-12,0,100,0,0,0,0,-23,0,0,0,0,0,2,0,0,0,10,0,0,0,-41,0,0,0,0,-19,-9,0,-51,0,0,0,100,100,-100,0,0,0,0,0,0,-48
2021-04-13,0,0,0,0,0,0,0,0,0,0,0,0,-2,0,0,0,0,0,0,0,-2,0,0,0,0,-61,0,0,-7,0,0,0,0,-41,-100,78,0,0,0,0,0,100
2021-04-15,0,-31,0,0,0,0,-19,0,0,0,0,0,0,0,0,0,-11,0,-27,0,0,0,0,0,0,0,0,0,2,0,0,0,0,-59,0,-78,0,0,0,38,0,0
2021-04-16,-37,0,0,0,0,0,-58,0,0,0,0,100,0,0,0,0,0,0,0,0,100,0,-38,0,0,-20,0,0,1,0,0,8,-37,22,100,0,0,0,0,-1,-91,0
2021-04-19,0,0,0,0,0,0,57,0,0,0,0,-60,100,0,0,0,0,0,0,0,-57,0,0,0,0,0,0,29,0,0,0,-8,-63,-22,0,0,0,0,100,-9,0,-60
2021-04-20,0,0,0,0,0,0,0,0,70,0,0,-8,-100,0,0,0,0,0,0,0,-40,0,0,0,0,0,0,-29,2,0,0,0,0,0,-100,0,0,0,0,-28,4,100
2021-04-22,-8,-69,0,0,100,100,0,1,-70,0,0,-3,74,0,0,100,0,0,0,0,94,0,1,0,0,0,16,100,-100,0,0,0,100,0,0,0,0,100,-100,0,91,-100
2021-04-23,0,0,0,46,-100,0,-57,0,0,0,0,2,0,0,0,1,0,0,0,0,-21,0,-37,0,0,0,0,-100,-4,0,0,0,0,0,100,0,0,0,0,0,0,100
2021-04-26,-55,0,0,0,0,0,0,0,0,0,0,0,-74,0,0,-100,0,100,0,0,-24,0,0,0,0,100,0,0,-8,0,0,0,0,0,-71,0,0,5,0,20,0,0
2021-04-27,100,0,0,-24,0,-46,0,-1,0,0,0,-31,0,0,0,-1,100,-100,-1,0,-12,0,0,0,67,-100,-16,0,8,0,0,0,-100,0,0,0,0,-100,0,0,0,-13
2021-04-28,0,0,0,0,50,-50,0,0,0,0,0,0,0,0,0,0,0,0,0,0,-83,0,-74,0,0,0,0,0,-1,0,0,0,0,0,0,0,0,0,0,0,0,100
2021-04-29,-15,0,0,0,-14,0,0,0,0,0,0,-1,0,0,0,0,0,0,0,0,0,6,0,0,-67,0,0,1,-7,0,0,5,0,0,0,0,0,-5,0,0,0,0
2021-04-30,0,0,0,-22,0,-4,0,0,0,0,0,0,0,0,0,0,-59,100,100,0,0,-6,-52,0,0,48,0,1,0,0,0,0,100,0,100,100,0,100,0,-20,-95,0
2021-05-03,-51,0,53,0,-36,0,0,0,0,0,0,0,0,0,0,0,-41,-100,-90,0,0,0,0,0,0,-48,0,45,0,0,100,0,0,0,0,-100,0,-50,0,0,0,-100
2021-05-04,-34,0,-49,0,0,0,0,0,0,0,0,0,0,0,0,0,0,0,0,0,0,0,0,0,0,14,0,1,2,0,-51,23,0,0,0,0,0,0,0,0,0,-11
2021-05-05,0,0,-4,100,0,0,0,100,0,0,0,0,77,0,0,0,0,0,67,0,0,0,1,0,0,-14,0,1,100,0,0,-28,0,0,100,0,0,0,0,0,80,-64
2021-05-06,0,8,0,-100,0,0,0,0,0,100,0,0,-56,0,0,0,0,100,0,0,0,0,0,0,0,0,7,-49,0,0,-10,0,-5,0,0,0,0,0,0,0,1,-23
2021-05-07,100,0,0,0,0,0,0,100,0,-70,0,0,100,0,0,0,0,0,-76,0,0,0,-1,0,0,0,9,5,100,0,-39,0,0,0,-88,0,0,0,0,0,3,-72
2021-05-10,0,-8,0,0,0,0,0,-100,0,-30,0,0,-50,0,0,0,0,0,0,0,0,0,0,0,0,19,-16,-5,0,0,1,13,100,0,-89,0,0,0,0,0,0,-9
2021-05-11,-44,0,0,0,0,100,49,-100,0,0,0,0,0,0,0,4,0,-15,0,0,0,1,100,100,0,0,0,0,-100,0,0,-13,0,0,-27,0,0,-50,100,0,-36,100
2021-05-12,0,0,0,0,0,-26,-49,0,0,32,0,0,100,0,0,-4,0,-24,0,0,0,4,-100,-100,0,0,0,0,100,0,0,0,100,0,-53,0,0,0,100,0,-48,0
2021-05-14,76,0,0,0,0,0,0,2,0,-32,0,0,0,0,0,1,0,0,0,0,0,-5,0,0,0,-19,0,1,0,0,-1,0,-28,0,0,0,0,0,-9,0,0,0
2021-05-17,-89,100,0,40,0,-53,0,0,0,0,0,0,0,0,0,0,0,-61,0,0,32,0,0,0,0,0,0,0,0,0,0,0,0,0,0,100,0,0,-100,0,0,100
2021-05-18,-25,100,0,-40,0,0,0,0,0,0,0,0,-22,0,0,-1,0,0,0,100,2,0,0,0,0,100,0,-1,100,0,0,0,-50,0,2,49,0,100,-33,0,0,-86
2021-05-19,-18,0,0,0,0,0,0,0,0,0,32,0,0,0,0,0,0,0,0,0,-34,0,0,0,1,0,0,0,-71,0,0,0,0,0,0,0,0,0,0,0,0,-41
2021-05-20,0,0,0,0,100,100,0,-2,0,0,-32,0,0,0,0,0,0,100,100,0,0,0,0,0,60,-38,0,0,9,0,0,0,-3,0,-18,-79,0,-11,-58,0,0,-73
2021-05-21,0,0,0,0,-41,-63,1,0,0,0,0,0,-72,0,0,0,0,-100,-55,-64,0,0,0,0,-46,100,0,0,-54,0,0,0,0,0,0,-70,0,-89,0,71,0,0
2021-05-24,0,0,0,22,-59,0,-1,0,0,0,0,0,0,0,0,0,0,0,0,1,0,0,0,0,0,0,0,1,100,0,0,0,0,0,0,0,0,0,2,-16,0,0
2021-05-25,98,-74,0,-22,0,0,0,0,0,0,0,0,-13,0,0,0,0,0,-45,-37,0,0,0,0,1,0,0,0,8,0,0,0,0,0,0,0,0,0,-2,0,0,0
2021-05-26,-67,0,0,0,0,-58,0,0,0,0,0,0,-64,1,0,0,0,0,0,0,0,0,0,0,0,0,0,0,-100,0,0,0,-78,0,0,0,0,0,0,53,0,1
2021-05-27,0,-88,46,0,0,0,0,0,0,0,0,0,0,-1,0,0,0,0,0,0,0,28,100,100,0,0,0,-1,0,0,0,0,-96,0,0,0,0,0,0,-100,0,0
2021-05-28,90,0,-22,0,0,0,0,0,0,0,0,0,0,0,0,0,0,0,0,0,0,-28,0,0,0,0,0,0,1,0,0,0,0,0,0,0,0,0,0,0,0,-1
2021-05-31,0,0,0,0,0,0,0,0,0,0,0,0,0,0,0,0,0,0,0,0,0,0,0,0,0,0,0,0,0,0,0,0,0,0,0,0,0,0,0,0,0,0
2021-06-01,-75,-38,0,0,0,0,0,0,0,42,0,0,0,0,0,0,0,100,0,0,100,0,-100,2,0,0,0,8,100,0,0,0,-40,0,0,0,0,0,0,-8,100,0
2021-06-02,100,0,-24,0,42,0,0,0,0,0,0,0,0,0,0,0,0,0,0,0,-100,0,0,-1,-16,-93,0,-8,0,0,0,0,0,0,0,0,0,0,0,0,100,0
2021-06-03,-57,0,0,0,-42,0,71,0,0,0,0,0,100,0,0,1,0,-92,0,0,0,0,0,-45,0,3,0,2,0,0,0,0,0,100,0,0,0,0,0,0,-100,0
2021-06-04,-89,0,0,0,0,0,-71,0,0,-42,0,0,-1,0,0,0,0,-2,0,0,0,3,0,0,0,-72,100,-2,0,0,0,0,0,0,0,0,0,0,0,0,80,0
2021-06-07,0,0,0,0,2,0,0,0,0,0,0,38,0,0,0,-1,0,-6,0,0,1,1,0,0,0,0,0,0,-100,0,0,0,0,-38,0,0,0,0,0,0,-18,0
2021-06-08,0,0,0,0,0,100,0,0,0,35,0,-37,-99,0,0,0,0,0,0,0,0,-4,0,-53,0,0,0,0,2,0,0,0,4,-62,0,0,0,0,0,0,0,100
2021-06-09,100,0,0,0,0,0,0,0,0,69,0,0,0,0,0,3,0,0,0,0,-1,0,0,0,0,0,-90,0,2,0,0,0,-4,0,0,0,0,0,0,0,-3,0
2021-06-10,-12,0,5,0,0,0,0,0,0,-38,2,0,0,0,0,-3,0,0,0,0,0,0,0,100,0,0,0,0,-81,0,5,0,0,0,0,0,0,0,0,0,0,-4
2021-06-11,-88,0,-5,0,-2,100,0,0,0,-9,46,1,0,0,100,0,0,100,0,0,0,0,0,-99,0,0,-10,1,0,0,1,0,0,0,0,0,0,0,100,0,-49,-96
2021-06-14,0,0,0,0,0,20,0,0,0,-57,-48,0,0,0,-100,0,0,-60,0,0,0,1,0,0,0,0,0,0,1,0,0,27,0,0,0,0,0,0,0,0,0,0
2021-06-15,0,0,0,0,0,0,0,0,0,0,0,0,0,0,15,0,0,1,0,0,0,1,0,0,0,0,0,-1,0,0,-6,0,0,0,0,0,0,0,0,0,-52,0
2021-06-16,0,100,0,75,0,-37,0,0,0,0,1,-1,0,0,0,0,0,-41,0,0,0,-2,0,0,100,0,0,0,2,0,2,-27,0,0,0,0,0,0,100,0,-58,0
2021-06-17,0,0,0,-24,0,-26,0,100,0,0,-1,0,0,0,0,0,0,0,0,2,0,0,0,0,0,0,20,0,-66,0,0,0,0,0,0,0,0,0,-40,0,0,0
2021-06-18,0,-100,0,-51,0,-27,0,-100,94,100,0,0,0,0,-15,0,0,0,1,-2,0,100,0,-4,-100,0,-20,0,0,0,-2,0,0,0,100,0,0,0,-84,0,0,0
2021-06-21,34,0,0,0,0,2,0,0,-51,-42,0,0,100,100,0,0,0,100,0,0,100,100,100,0,0,0,0,0,100,0,100,0,0,0,0,0,0,0,-76,0,0,0
2021-06-22,-34,0,0,0,0,1,0,0,-43,89,0,0,0,-100,0,0,0,-9,-1,0,-100,-52,0,0,0,0,0,0,100,0,-100,0,0,0,-100,0,0,0,0,0,0,100
2021-06-23,0,0,0,0,0,-40,0,0,0,0,0,0,-22,0,0,0,0,-23,0,0,0,-87,-100,0,0,0,0,0,1,0,0,0,0,0,0,0,0,0,0,20,0,0
2021-06-24,0,0,60,0,1,0,0,0,0,-100,0,0,0,0,0,0,0,-68,0,0,0,-9,0,0,0,0,0,0,2,0,0,0,0,0,0,0,0,2,0,-20,0,-69
2021-06-25,0,0,-60,0,-1,-63,0,0,0,0,0,0,0,0,0,0,0,0,0,0,0,100,0,0,0,0,92,0,1,0,0,0,1,100,1,0,0,-2,0,0,0,-31
2021-06-28,0,0,0,0,0,-13,0,0,0,-47,0,42,0,0,100,0,84,0,100,0,0,-100,100,0,0,0,-92,0,100,0,0,0,1,95,100,100,0,0,0,0,0,0
2021-06-29,0,0,0,0,100,0,0,0,0,24,0,0,0,0,-64,0,0,0,-100,0,7,0,-8,0,0,0,0,0,-96,0,0,0,100,0,0,0,0,0,0,0,0,100
2021-06-30,0,0,0,0,0,1,0,0,100,2,1,0,-74,0,-36,0,-54,0,0,0,100,0,-92,0,0,0,0,0,100,0,0,0,-19,0,0,-32,0,0,0,0,0,-100
2021-07-01,100,0,0,0,0,-18,0,0,-94,-26,-1,-26,4,0,0,0,-17,0,0,0,1,0,0,0,0,0,56,0,0,0,0,0,0,0,0,-68,0,0,0,0,0,0
2021-07-02,0,0,0,0,-73,0,0,0,0,0,0,0,-8,0,28,0,-13,2,0,0,-44,1,0,0,0,0,0,0,1,0,0,0,0,0,0,0,0,0,0,0,0,0
2021-07-05,-100,0,0,0,-20,0,0,0,-6,0,0,100,1,0,-17,0,0,0,0,0,-19,3,0,100,0,0,0,0,-68,0,0,0,-46,-100,0,69,0,100,-1,0,0,0
2021-07-06,0,0,0,93,0,0,0,0,0,0,0,-100,0,2,-11,100,0,100,0,0,-45,-56,0,0,0,0,-56,0,-100,0,0,0,0,-73,0,0,0,0,0,0,0,0
2021-07-07,0,0,0,22,-7,0,0,0,0,0,0,-16,0,-2,0,0,0,-100,0,0,0,1,5,-100,0,100,0,0,0,0,0,0,-31,-22,0,100,0,-29,0,0,0,0
2021-07-08,0,0,0,0,0,0,0,0,0,0,0,0,-1,0,0,0,0,0,0,0,9,0,0,0,0,0,0,0,0,0,0,0,0,0,0,0,0,0,0,0,0,0
2021-07-09,0,0,4,-16,0,0,0,0,0,0,0,0,0,0,0,0,0,-2,0,4,0,0,-5,0,100,0,0,0,0,0,0,0,-6,0,-5,-79,0,0,0,0,0,0
2021-07-12,0,0,0,0,1,0,0,0,0,0,0,0,0,47,0,1,0,0,0,-4,0,0,0,0,0,-84,0,0,-100,0,0,0,0,0,-51,0,0,-25,0,0,0,100
2021-07-13,0,-1,-4,-84,-1,1,0,0,0,0,0,0,0,-47,0,0,0,0,0,0,2,-1,0,0,-70,0,0,0,-96,0,0,0,0,0,0,0,0,0,0,99,0,100
2021-07-14,0,0,0,-15,0,0,0,0,0,0,0,0,0,0,0,-1,0,0,0,0,0,0,0,11,0,-16,0,3,0,0,0,5,0,0,2,-81,0,-8,0,0,100,-54
2021-07-15,0,0,0,0,0,0,0,0,0,20,0,0,0,0,0,-4,0,0,0,0,-11,0,0,0,-1,0,0,0,0,0,100,-5,0,0,2,2,0,0,0,0,-10,0
2021-07-16,0,0,0,0,0,1,0,0,0,0,0,0,0,0,0,0,0,0,0,0,0,0,0,0,48,0,0,1,0,0,-20,0,0,0,-24,-11,0,0,0,0,0,-82
2021-07-19,0,0,0,0,0,44,0,0,0,0,0,0,-1,0,0,0,0,0,0,0,0,0,0,-11,0,0,0,-4,1,0,-41,0,0,0,0,0,0,-38,0,0,1,100
2021-07-20,0,0,0,0,0,0,0,0,0,0,0,0,0,0,0,0,0,0,0,0,100,0,0,0,-3,0,0,1,0,0,4,0,0,0,-25,0,0,0,0,0,0,0
2021-07-22,65,0,0,0,0,100,0,100,0,-20,95,0,1,0,0,-16,0,0,100,0,2,0,0,100,-74,0,0,-1,100,0,0,0,0,95,100,0,0,0,0,-97,-91,100
2021-07-23,0,0,0,0,0,0,0,0,0,0,-53,96,0,0,0,1,0,0,0,0,0,0,0,0,0,0,0,0,1,0,0,0,0,0,0,0,0,0,0,-2,0,0
2021-07-26,-65,0,0,0,0,0,0,0,0,0,100,-39,0,69,0,-81,0,0,-35,0,0,1,0,0,0,0,0,0,100,0,-9,0,0,0,0,0,0,0,0,0,0,-62
2021-07-27,80,0,0,0,0,0,0,0,0,0,-1,0,0,0,0,0,0,0,-65,0,-28,-1,0,-100,0,0,0,0,0,0,0,0,0,0,-15,0,0,0,0,0,0,0
2021-07-28,0,0,0,0,0,-16,0,0,0,0,18,0,0,0,0,0,0,100,0,0,-74,0,0,0,0,0,0,0,1,0,0,0,0,-95,-85,0,0,0,0,0,0,-6
2021-07-29,-51,0,0,0,0,-93,0,-100,3,0,0,0,0,-69,0,0,0,0,0,0,1,4,0,0,0,0,0,0,0,0,0,11,0,0,0,0,0,1,0,0,0,100
2021-07-30,-29,0,0,0,0,0,0,0,-1,0,0,89,0,0,0,0,0,0,0,0,3,0,0,0,0,0,0,0,0,0,-34,0,0,0,0,0,0,-1,0,0,0,-54
2021-08-02,0,0,0,0,0,0,100,0,0,0,-100,-78,0,0,100,0,0,-100,0,0,-4,-4,0,0,46,0,0,100,-18,0,0,-11,0,0,2,0,0,0,0,0,0,100
2021-08-03,88,0,0,0,0,1,0,0,0,0,-31,1,0,0,-62,0,0,0,0,0,0,0,0,0,-1,0,0,-95,0,0,0,0,0,0,1,0,0,0,0,0,0,0
2021-08-04,0,100,13,0,0,0,-100,0,-2,0,1,0,0,0,-38,0,100,0,0,0,0,0,0,0,0,0,0,-5,-48,0,0,0,0,0,0,0,1,0,0,0,0,-40
2021-08-05,0,-7,-13,0,0,0,0,0,0,0,0,0,0,0,0,0,0,0,0,3,0,0,0,0,0,0,24,0,-37,0,0,0,100,0,-3,0,0,0,0,0,0,-100
2021-08-06,0,0,0,0,0,0,0,0,0,0,0,0,0,0,0,0,0,0,0,0,0,0,0,0,-31,0,-24,3,-100,0,0,0,0,0,0,0,0,0,3,30,0,0
2021-08-09,63,-92,0,0,0,0,0,0,0,0,-29,-69,0,0,0,100,0,0,0,0,100,0,0,0,0,0,0,100,0,100,0,0,1,0,100,0,0,0,1,-30,0,-29
2021-08-10,0,0,0,0,0,0,0,0,0,38,0,0,0,0,0,-8,-42,0,0,-3,-21,0,0,0,0,0,0,0,0,0,0,0,-10,0,3,0,0,0,-3,0,0,-97
2021-08-11,91,0,-1,0,0,0,0,0,0,2,0,0,0,0,0,-7,-58,0,1,0,-79,0,0,0,0,0,0,-45,0,-23,0,0,0,0,-61,0,-1,0,2,0,0,-76
2021-08-12,0,0,0,0,0,-38,0,0,0,-30,0,0,0,0,0,0,0,0,-1,0,100,0,0,0,55,0,0,100,0,-19,0,0,-55,0,-34,100,0,0,-2,0,1,0
2021-08-13,31,0,0,0,0,0,0,0,0,-9,0,0,0,0,0,-85,0,0,0,0,-2,0,0,0,0,0,0,-100,9,0,0,0,0,0,-8,0,0,0,0,0,0,0
2021-08-16,0,0,0,0,0,0,0,43,0,0,0,0,0,0,0,0,0,0,0,0,100,3,0,0,-61,100,0,1,0,0,0,0,-36,0,0,0,0,0,0,0,-1,0
2021-08-17,-14,0,0,0,0,0,0,2,0,-1,3,0,100,0,0,0,0,0,0,0,-31,-3,100,0,0,0,0,-59,-9,-58,0,0,0,0,1,-52,0,0,0,0,0,100
2021-08-18,0,0,1,0,11,0,0,-13,0,0,-3,0,0,0,0,0,0,0,0,0,-92,0,-72,0,0,-3,0,2,0,0,0,0,0,0,-1,0,0,0,0,0,0,100
2021-08-20,0,0,0,0,-11,0,0,0,0,0,1,0,0,0,0,0,0,0,0,0,100,0,0,0,0,-97,0,0,2,0,0,5,0,0,0,0,0,0,0,0,0,-100
2021-08-23,-6,0,23,0,10,0,0,0,0,0,0,0,-97,0,0,0,0,0,0,0,0,0,-28,0,-8,0,0,3,-2,0,0,-5,0,0,0,-48,0,0,0,0,0,0
2021-08-24,-12,0,-23,0,-10,1,0,-6,0,0,-1,0,-3,0,0,0,0,0,0,0,-92,0,0,100,0,0,0,-5,2,18,0,0,0,0,100,100,0,0,0,0,0,100
2021-08-25,0,0,0,0,1,-1,0,0,0,36,0,0,0,0,0,0,0,0,0,0,-6,0,0,0,0,0,0,2,-1,-18,0,0,0,0,0,-75,0,2,0,0,0,-36
2021-08-26,0,0,0,0,-1,100,0,0,49,-36,0,0,0,0,0,0,0,0,1,0,-77,0,0,-100,0,0,0,0,-1,0,0,0,1,0,100,-25,0,-2,0,0,0,100
2021-08-27,-57,100,0,0,0,100,0,0,-49,0,0,0,0,0,0,100,0,100,0,0,0,98,100,0,0,0,0,0,100,0,25,1,0,100,-24,0,0,0,0,0,0,-60
2021-08-30,79,-45,0,0,0,-100,0,0,0,0,0,0,0,0,0,3,0,-100,0,0,1,0,0,0,0,0,0,-2,-61,0,0,0,0,-100,0,0,0,0,0,0,0,0
2021-08-31,-21,0,0,0,0,7,0,0,0,0,0,0,0,0,0,0,0,0,0,0,-1,-98,0,0,0,0,0,0,1,0,0,4,0,0,-100,0,0,0,0,0,0,0
2021-09-01,-18,3,0,0,0,0,0,0,0,0,0,0,0,0,0,-100,0,0,-1,0,0,0,0,0,0,100,0,3,-40,0,-25,0,0,0,-76,0,0,0,0,0,0,100
2021-09-02,42,-58,0,0,0,-50,0,2,0,0,0,0,0,0,0,-3,0,0,0,0,0,0,-85,0,0,0,0,-3,1,0,0,0,-1,0,0,0,0,0,0,0,0,-15
